Rk,Player,Age,Team,Pos,G,GS,MP,PER,TS%,3PAr,FTr,ORB%,DRB%,TRB%,AST%,STL%,BLK%,TOV%,USG%,OWS,DWS,WS,WS/48,OBPM,DBPM,BPM,VORP,Awards,Player-additional
1,Mikal Bridges,28,NYK,SF,51,51,1955,13.7,.583,.441,.081,2.7,6.5,4.6,11.8,1.3,1.3,9.1,19.4,2.4,1.1,3.4,.084,0.5,-1.4,-0.9,0.6,,bridgmi01
2,Josh Hart,29,NYK,SG,50,50,1879,18.0,.647,.335,.263,6.9,22.2,14.7,20.1,2.0,0.9,14.7,14.9,4.8,2.3,7.1,.182,2.3,1.5,3.8,2.7,,hartjo01
3,Anthony Edwards,23,MIN,SG,49,49,1798,18.8,.588,.482,.258,2.3,14.7,8.7,21.3,1.6,1.7,13.1,30.9,2.0,2.3,4.4,.117,3.5,-0.3,3.2,2.4,,edwaran01
4,OG Anunoby,27,NYK,PF,49,49,1778,14.4,.590,.450,.191,4.2,10.5,7.4,7.5,1.9,2.2,8.6,18.1,2.4,1.7,4.0,.108,0.2,-0.4,-0.2,0.8,,anunoog01
5,Jalen Brunson,28,NYK,PG,50,50,1764,22.4,.605,.317,.382,1.5,7.8,4.7,32.5,1.3,0.2,10.1,29.4,6.1,1.0,7.1,.192,5.0,-1.7,3.2,2.3,,brunsja01
6,Jayson Tatum,26,BOS,PF,48,48,1751,21.9,.587,.505,.325,1.7,24.4,13.0,25.6,1.7,1.3,11.1,30.5,3.6,2.9,6.5,.178,4.5,0.9,5.4,3.3,,tatumja01
7,Tyler Herro,25,MIA,SG,47,47,1670,19.3,.613,.551,.236,1.1,15.8,8.5,26.4,1.0,0.3,11.5,27.3,3.1,1.4,4.6,.131,4.0,-1.1,3.0,2.1,,herroty01
8,Domantas Sabonis,28,SAC,C,46,46,1666,23.6,.669,.182,.324,12.0,31.4,21.7,26.7,0.8,1.2,16.2,21.6,5.6,1.9,7.6,.218,4.8,1.0,5.8,3.3,,sabondo01
9,Rudy Gobert,32,MIN,C,50,50,1665,16.6,.676,.000,.539,11.5,22.8,17.3,8.1,1.0,4.3,14.5,12.1,3.6,2.7,6.3,.183,-0.3,1.3,1.1,1.3,,goberru01
10,Michael Porter Jr.,26,DEN,SF,50,50,1663,16.7,.627,.469,.191,5.7,15.1,10.6,8.9,0.9,1.3,8.2,20.3,3.3,1.0,4.3,.125,2.1,-1.9,0.2,0.9,,portemi01
11,De'Aaron Fox,27,SAC,PG,45,45,1663,19.0,.567,.324,.279,3.0,11.9,7.4,25.8,1.9,1.2,11.8,28.8,2.3,1.4,3.7,.107,2.1,-0.9,1.2,1.3,,foxde01
12,Jalen Green,22,HOU,SG,50,50,1655,15.1,.552,.463,.228,1.8,12.5,7.0,13.6,1.3,0.9,11.7,27.2,1.3,2.0,3.3,.096,1.2,-0.7,0.6,1.1,,greenja05
13,Trae Young,26,ATL,PG,46,46,1653,17.7,.561,.491,.403,1.4,8.4,4.8,47.2,1.6,0.6,18.4,28.5,2.2,0.9,3.1,.091,2.7,-2.4,0.3,0.9,,youngtr01
14,Cade Cunningham,23,DET,PG,46,46,1639,19.7,.549,.303,.227,2.9,16.7,9.8,44.3,1.2,2.0,16.3,32.9,1.6,1.6,3.2,.095,3.4,-0.4,3.0,2.1,,cunnica01
15,Tyrese Haliburton,24,IND,PG,48,48,1634,19.7,.592,.575,.233,2.1,9.6,5.9,35.0,1.8,1.8,10.6,21.5,4.4,1.2,5.6,.164,4.4,-0.5,3.9,2.5,,halibty01
16,Devin Booker,28,PHO,SG,44,44,1631,20.6,.592,.414,.373,2.9,8.9,6.0,29.5,1.5,0.7,10.5,29.4,4.2,0.6,4.8,.141,3.5,-1.9,1.6,1.5,,bookede01
17,Pascal Siakam,30,IND,PF,49,49,1621,20.1,.615,.281,.257,6.2,18.3,12.4,15.8,1.3,1.3,7.4,23.5,4.0,1.4,5.4,.159,2.8,-0.6,2.3,1.7,,siakapa01
18,Derrick White,30,BOS,SG,48,48,1621,16.0,.599,.705,.166,3.1,10.5,6.8,17.8,1.3,3.1,10.4,19.4,3.0,2.0,5.0,.147,2.4,0.5,2.8,2.0,,whitede01
19,Keegan Murray,24,SAC,PF,46,46,1619,11.3,.537,.518,.098,6.8,15.3,11.1,5.2,1.1,2.3,7.1,14.7,1.2,1.3,2.5,.074,-1.4,-1.0,-2.3,-0.1,,murrake02
20,Nikola Vučević,34,CHI,C,50,50,1614,21.2,.630,.316,.149,7.8,25.4,16.7,17.0,1.3,1.9,9.4,22.3,3.9,1.7,5.6,.167,3.0,0.0,2.9,2.0,,vucevni01
21,Shai Gilgeous-Alexander,26,OKC,PG,47,47,1604,31.0,.644,.263,.393,2.8,13.3,8.1,30.6,2.8,3.1,9.8,34.8,7.1,3.5,10.6,.317,8.6,3.3,11.9,5.7,,gilgesh01
22,Nikola Jokić,29,DEN,C,44,44,1600,33.1,.660,.221,.319,9.9,28.2,19.5,45.1,2.4,1.7,12.3,29.7,8.4,2.4,10.8,.324,10.7,3.4,14.1,6.5,,jokicni01
23,Christian Braun,23,DEN,SG,49,47,1599,15.1,.654,.269,.267,4.5,11.4,8.1,8.0,1.6,1.4,8.3,15.6,3.3,1.1,4.4,.133,0.2,-0.7,-0.5,0.6,,braunch01
24,Karl-Anthony Towns,29,NYK,C,46,46,1597,25.0,.640,.281,.347,10.7,33.7,22.4,14.5,1.4,2.1,11.6,26.8,5.1,2.4,7.5,.226,4.4,0.1,4.5,2.6,,townska01
25,Tyrese Maxey,24,PHI,PG,42,42,1597,21.2,.573,.444,.274,0.8,10.3,5.3,29.4,2.5,1.1,9.3,31.0,3.1,1.2,4.2,.128,4.2,-0.8,3.4,2.2,,maxeyty01
26,Fred VanVleet,30,HOU,PG,45,45,1596,13.6,.521,.595,.174,1.9,10.0,5.8,22.6,2.2,1.1,10.0,18.1,2.1,2.2,4.3,.129,0.2,1.3,1.4,1.4,,vanvlfr01
27,Bam Adebayo,27,MIA,C,47,47,1594,17.7,.535,.188,.303,8.0,23.7,15.9,21.5,1.9,2.2,12.5,22.8,1.4,2.4,3.8,.114,-0.1,0.9,0.9,1.1,,adebaba01
28,James Harden,35,LAC,PG,47,47,1589,18.7,.566,.513,.432,2.0,16.8,9.5,37.7,2.1,1.8,19.3,29.8,1.4,2.6,3.9,.118,2.5,0.7,3.2,2.1,,hardeja01
29,Jamal Murray,27,DEN,PG,44,44,1583,16.9,.562,.340,.220,2.0,10.0,6.2,23.4,1.9,1.4,10.8,23.9,2.3,1.2,3.5,.106,0.8,-0.9,-0.1,0.8,,murraja01
30,Kelly Oubre Jr.,29,PHI,SF,46,43,1580,13.3,.543,.349,.247,5.3,16.9,10.8,8.6,2.1,1.4,9.1,18.7,0.9,1.4,2.3,.070,-1.6,-0.4,-2.0,0.0,,oubreke01
31,DeMar DeRozan,35,SAC,SF,44,44,1577,17.2,.569,.163,.322,1.7,9.9,5.8,15.3,1.5,1.1,6.6,24.3,2.7,1.0,3.8,.115,0.3,-0.9,-0.6,0.6,,derozde01
32,Toumani Camara,24,POR,PF,49,49,1575,11.7,.569,.494,.182,7.5,12.1,9.8,8.8,2.1,1.7,14.1,13.8,1.3,1.2,2.5,.076,-1.3,0.3,-1.0,0.4,,camarto01
33,Jaden McDaniels,24,MIN,PF,50,50,1568,12.2,.556,.414,.152,5.2,13.8,9.6,7.7,2.3,2.6,10.1,15.2,1.1,2.4,3.5,.107,-2.0,1.7,-0.3,0.7,,mcdanja02
34,Julius Randle,30,MIN,PF,48,48,1564,17.2,.578,.328,.370,7.4,16.9,12.3,22.0,1.1,0.7,14.8,25.6,2.3,1.9,4.2,.128,1.1,-0.3,0.8,1.1,,randlju01
35,Jaylen Brown,28,BOS,SF,44,44,1559,17.9,.550,.326,.290,4.5,14.3,9.4,22.3,1.6,0.7,11.1,29.0,1.8,2.0,3.7,.115,0.6,-0.6,0.0,0.8,,brownja02
36,LeBron James,40,LAL,SF,45,45,1557,23.0,.601,.304,.246,2.9,21.4,12.4,44.7,1.2,1.4,16.0,30.4,3.2,1.6,4.8,.147,5.1,0.4,5.4,2.9,,jamesle01
37,Tobias Harris,32,DET,PF,48,48,1541,12.9,.544,.353,.189,3.1,17.7,10.4,10.4,1.3,2.5,8.4,17.4,1.2,1.6,2.8,.088,-1.1,0.3,-0.9,0.4,,harrito02
38,Ivica Zubac,27,LAC,C,48,48,1531,21.0,.617,.000,.258,13.4,30.4,22.0,12.4,1.1,3.6,12.2,18.9,3.2,2.9,6.1,.192,1.4,0.8,2.2,1.6,,zubaciv01
39,Dillon Brooks,29,HOU,SF,47,47,1517,10.2,.542,.514,.133,4.0,8.8,6.3,6.5,1.2,0.6,7.8,17.3,1.4,1.6,3.0,.096,-1.8,-0.2,-2.0,0.0,,brookdi01
40,Dyson Daniels,21,ATL,SG,45,45,1517,14.5,.527,.293,.144,5.3,11.9,8.5,16.0,4.2,2.2,12.8,18.0,0.3,2.2,2.5,.078,-1.9,2.6,0.7,1.0,,daniedy01
41,Anfernee Simons,25,POR,SG,47,47,1515,14.6,.553,.522,.173,1.1,8.3,4.7,24.3,1.3,0.3,11.3,24.2,1.8,0.5,2.3,.073,1.4,-1.9,-0.5,0.6,,simonan01
42,Brook Lopez,36,MIL,C,47,47,1510,13.3,.591,.532,.139,3.9,11.6,7.9,7.4,1.1,5.7,8.9,15.2,1.4,1.7,3.2,.100,-0.4,0.5,0.1,0.8,,lopezbr01
43,Donovan Mitchell,28,CLE,SG,48,48,1500,21.2,.585,.500,.220,2.4,12.7,7.7,22.7,2.2,0.6,8.9,30.6,3.3,1.8,5.1,.164,4.0,-0.2,3.9,2.2,,mitchdo01
44,Bilal Coulibaly,20,WAS,SF,45,45,1492,11.1,.521,.366,.312,4.3,11.3,7.7,14.6,1.9,2.1,14.6,17.6,-0.2,0.5,0.4,.011,-2.8,-0.7,-3.5,-0.6,,coulibi01
45,Bennedict Mathurin,22,IND,SF,47,42,1490,13.0,.581,.341,.319,4.4,15.6,10.1,8.0,0.9,1.1,12.4,21.7,0.7,1.0,1.7,.055,-1.6,-1.8,-3.4,-0.5,,mathube01
46,Austin Reaves,26,LAL,SG,43,43,1490,16.8,.596,.514,.309,2.7,11.1,7.0,26.2,1.6,0.4,13.5,22.8,2.6,1.0,3.6,.117,1.8,-0.9,0.9,1.1,,reaveau01
47,Alperen Şengün,22,HOU,C,47,47,1476,22.3,.538,.090,.338,11.5,24.7,17.9,25.5,1.9,2.3,11.9,26.5,2.8,2.8,5.5,.180,3.3,2.0,5.2,2.7,,sengual01
48,Jalen Williams,23,OKC,SG,45,45,1476,19.7,.559,.291,.230,2.7,15.2,9.1,23.7,2.6,2.4,10.7,27.4,1.9,3.2,5.1,.165,2.1,2.0,4.1,2.3,,willija06
49,Kentavious Caldwell-Pope,31,ORL,SG,48,48,1474,9.5,.547,.620,.177,1.3,6.6,3.8,8.9,2.5,1.6,9.6,12.9,0.6,2.1,2.6,.086,-3.5,1.7,-1.8,0.1,,caldwke01
50,Amen Thompson,22,HOU,SF,47,20,1472,18.4,.599,.132,.425,9.0,18.9,13.8,14.4,2.2,3.4,15.0,17.7,2.5,2.7,5.2,.171,1.0,2.3,3.4,2.0,,thompam01
51,Damian Lillard,34,MIL,PG,40,40,1458,21.4,.617,.514,.391,1.6,11.5,6.7,30.4,1.6,0.6,12.2,27.6,4.1,1.3,5.4,.177,4.5,-1.0,3.5,2.0,,lillada01
52,Darius Garland,25,CLE,PG,48,48,1454,22.2,.633,.445,.232,2.0,6.9,4.5,33.1,1.8,0.6,12.4,27.8,4.8,1.3,6.2,.203,5.4,-0.8,4.6,2.4,,garlada01
53,Jarrett Allen,26,CLE,C,50,50,1445,22.3,.724,.005,.423,10.2,27.8,19.2,8.9,1.5,2.9,10.2,15.7,5.0,2.4,7.4,.247,3.1,0.9,4.0,2.2,,allenja01
54,Kyrie Irving,32,DAL,SG,40,40,1444,19.9,.600,.383,.219,3.4,10.6,7.1,21.3,1.6,0.9,10.2,26.8,3.2,1.1,4.3,.142,4.1,-0.7,3.5,2.0,,irvinky01
55,Anthony Davis,31,LAL,C,42,42,1440,27.3,.601,.124,.423,9.6,29.1,19.6,17.0,1.8,5.7,9.4,30.4,3.8,2.5,6.3,.209,4.5,1.3,5.8,2.9,,davisan02
56,Coby White,24,CHI,SG,44,44,1434,13.9,.584,.571,.227,1.1,9.5,5.4,20.4,1.4,0.5,13.5,23.5,1.1,0.7,1.8,.061,-0.4,-1.7,-2.1,-0.1,,whiteco01
57,Zach LaVine,29,CHI,SF,42,42,1432,18.5,.637,.430,.256,0.9,13.6,7.3,20.6,1.3,0.6,13.3,26.6,2.2,0.8,3.0,.101,2.7,-1.3,1.4,1.2,,lavinza01
58,Giannis Antetokounmpo,30,MIL,PF,41,41,1431,30.0,.620,.037,.513,7.3,29.3,18.7,33.2,1.0,3.5,11.8,36.3,4.2,2.2,6.4,.215,6.2,1.9,8.0,3.6,,antetgi01
59,Jaren Jackson Jr.,25,MEM,C,48,48,1424,21.2,.598,.320,.337,5.2,16.4,10.9,11.0,2.0,5.0,10.2,29.0,2.6,2.4,5.0,.168,2.3,1.0,3.3,1.9,,jacksja02
60,Carlton Carrington,19,WAS,PG,49,34,1412,7.9,.498,.560,.107,1.3,12.9,7.0,18.5,1.2,0.6,14.7,14.2,-0.4,0.2,-0.2,-0.006,-4.2,-1.2,-5.4,-1.2,,carrica01
61,Kevin Durant,36,PHO,PF,39,39,1410,21.7,.632,.318,.326,1.3,16.8,9.3,20.1,1.1,3.4,12.4,29.8,2.5,1.1,3.5,.121,3.8,-0.5,3.3,1.9,,duranke01
62,Tyus Jones,28,PHO,PG,48,48,1408,14.6,.600,.553,.095,2.0,6.9,4.5,28.6,1.5,0.3,12.4,15.7,2.8,0.4,3.2,.109,1.3,-1.3,-0.1,0.7,,jonesty01
63,Myles Turner,28,IND,C,45,45,1401,15.0,.600,.453,.273,4.9,19.0,12.1,6.9,1.3,5.4,13.3,20.6,0.7,1.6,2.3,.080,-0.8,0.0,-0.9,0.4,,turnemy01
64,Dennis Schröder,31,2TM,SG,47,41,1400,12.8,.539,.460,.208,1.0,9.1,4.9,29.3,1.8,0.5,14.5,22.7,0.7,1.0,1.7,.058,-1.4,-1.1,-2.5,-0.2,,schrode01
64,Dennis Schröder,31,BRK,PG,23,23,772,16.3,.588,.462,.249,0.6,10.0,5.1,33.6,1.7,0.5,14.1,23.9,1.1,0.5,1.6,.100,1.1,-1.2,-0.1,0.4,,schrode01
64,Dennis Schröder,31,GSW,SG,24,18,628,8.6,.474,.458,.155,1.6,8.0,4.7,24.1,1.9,0.5,15.2,21.2,-0.5,0.6,0.1,.006,-4.6,-0.9,-5.4,-0.5,,schrode01
65,Malik Beasley,28,DET,SG,50,11,1389,15.0,.589,.705,.127,2.2,9.5,5.9,10.0,1.6,0.1,7.4,22.8,1.8,1.0,2.8,.098,2.0,-1.2,0.8,1.0,,beaslma01
66,Jakob Poeltl,29,TOR,C,45,44,1389,19.2,.624,.004,.255,12.3,23.8,18.0,13.8,1.8,4.0,14.6,18.2,2.4,1.7,4.1,.142,0.3,0.8,1.1,1.1,,poeltja01
67,Deni Avdija,24,POR,SF,48,30,1387,16.1,.591,.418,.420,4.6,20.2,12.3,18.0,1.8,1.8,16.7,21.8,1.4,1.4,2.8,.095,0.5,0.3,0.8,1.0,,avdijde01
68,P.J. Washington,26,DAL,PF,42,41,1383,14.1,.544,.360,.274,5.5,21.5,13.7,9.9,1.8,2.7,12.6,19.6,0.6,1.8,2.3,.081,-0.8,0.4,-0.4,0.5,,washipj01
69,Payton Pritchard,27,BOS,PG,50,0,1379,17.5,.636,.739,.115,5.3,8.9,7.1,18.0,1.6,0.6,8.5,18.6,3.8,1.5,5.3,.185,3.3,0.1,3.4,1.9,,pritcpa01
70,Chris Paul,39,SAS,PG,47,47,1367,15.8,.577,.638,.202,1.7,13.1,7.5,37.9,2.2,0.6,16.2,14.2,3.0,1.3,4.2,.149,0.6,0.9,1.5,1.2,,paulch01
71,RJ Barrett,24,TOR,SF,41,41,1365,16.6,.549,.303,.310,3.3,18.7,11.0,27.2,1.2,0.9,13.3,28.8,0.6,0.9,1.5,.054,1.2,-1.0,0.2,0.8,,barrerj01
72,Norman Powell,31,LAC,SG,41,41,1360,19.8,.638,.466,.281,1.2,10.7,6.0,11.4,2.0,0.6,9.8,27.2,2.8,1.8,4.5,.160,3.4,0.1,3.5,1.9,,powelno01
73,Victor Wembanyama,21,SAS,C,41,41,1357,24.5,.596,.477,.214,5.6,28.7,17.3,19.3,1.6,10.4,14.2,31.0,1.0,2.8,3.7,.132,3.8,3.2,7.0,3.1,,wembavi01
74,Jalen Wilson,24,BRK,PF,49,15,1350,8.6,.522,.539,.236,4.2,10.6,7.3,10.5,1.0,0.1,11.1,16.4,0.2,0.5,0.7,.026,-3.2,-1.4,-4.6,-0.9,,wilsoja03
75,Josh Giddey,22,CHI,PG,47,47,1350,15.5,.537,.372,.209,5.9,20.4,13.3,31.4,1.8,1.5,19.7,20.1,0.9,1.3,2.3,.081,0.1,0.6,0.7,0.9,,giddejo01
76,Luguentz Dort,25,OKC,SF,46,46,1336,11.5,.582,.682,.104,5.5,10.4,8.0,7.4,1.7,2.3,7.8,13.5,1.7,2.3,4.0,.144,-0.7,0.9,0.2,0.8,,dortlu01
77,Jrue Holiday,34,BOS,PG,44,44,1330,13.0,.564,.560,.149,4.0,11.8,7.9,16.8,1.6,1.3,12.1,15.9,1.7,1.6,3.3,.119,-0.4,0.6,0.2,0.8,,holidjr01
78,Russell Westbrook,36,DEN,PG,48,27,1328,16.0,.556,.337,.310,5.7,14.2,10.2,30.5,2.6,1.6,20.7,22.5,0.8,1.4,2.2,.081,0.1,0.3,0.4,0.8,,westbru01
79,Harrison Barnes,32,SAS,PF,47,47,1319,14.0,.642,.468,.354,5.4,9.4,7.4,9.0,0.6,0.7,6.4,14.7,2.9,0.5,3.4,.124,1.0,-1.4,-0.4,0.5,,barneha02
80,Malik Monk,26,SAC,SG,41,28,1315,16.6,.564,.467,.201,1.3,11.8,6.5,26.7,1.5,1.8,11.4,24.2,1.8,1.0,2.8,.104,1.4,-0.6,0.8,0.9,,monkma01
81,Evan Mobley,23,CLE,PF,44,44,1314,22.2,.638,.225,.324,7.9,24.7,16.5,13.6,1.4,4.3,11.7,22.9,3.3,2.2,5.5,.201,2.8,1.2,4.0,2.0,,mobleev01
82,Collin Sexton,26,UTA,SG,46,44,1313,16.8,.600,.338,.288,4.1,6.9,5.6,24.1,1.1,0.3,14.2,26.2,2.3,0.0,2.3,.084,1.8,-2.5,-0.6,0.5,,sextoco01
83,Jaylen Wells,21,MEM,SG,50,45,1310,11.3,.580,.547,.194,4.4,8.3,6.4,8.4,1.0,0.4,8.9,16.4,1.7,1.0,2.8,.102,-0.5,-0.9,-1.5,0.2,,wellsja01
84,Shaedon Sharpe,21,POR,SG,43,31,1309,13.6,.547,.423,.220,2.5,11.4,6.9,12.8,1.3,0.7,10.7,24.4,0.7,0.6,1.3,.047,-0.6,-1.7,-2.3,-0.1,,sharpsh01
85,Tim Hardaway Jr.,32,DET,SG,46,46,1308,9.5,.576,.655,.245,0.9,7.7,4.3,7.4,0.8,0.1,7.1,15.0,1.3,0.6,1.9,.069,-1.6,-1.2,-2.8,-0.3,,hardati02
86,Rui Hachimura,26,LAL,PF,41,41,1307,13.6,.613,.394,.189,5.5,12.5,9.1,6.6,1.3,1.5,8.1,15.8,1.8,1.0,2.8,.104,-0.3,-0.7,-1.0,0.3,,hachiru01
87,Jordan Poole,25,WAS,SG,42,42,1304,15.4,.574,.577,.266,1.5,8.9,5.1,25.6,2.2,1.5,16.0,28.2,0.2,0.4,0.7,.024,1.1,-1.5,-0.4,0.5,,poolejo01
88,Andrew Wiggins,29,GSW,SF,43,43,1296,16.6,.566,.422,.304,5.2,11.0,8.0,12.1,1.5,2.4,7.7,23.5,1.8,1.3,3.1,.116,1.5,-0.6,0.9,1.0,,wiggian01
89,Gradey Dick,21,TOR,SG,43,43,1284,11.9,.556,.499,.241,2.6,9.4,6.0,9.7,1.4,0.6,10.0,22.1,0.6,0.5,1.2,.043,-1.1,-1.8,-2.9,-0.3,,dickgr01
90,Jalen Johnson,23,ATL,SF,36,36,1284,17.4,.569,.260,.232,5.0,25.7,15.0,21.3,2.0,2.6,15.1,22.3,0.8,1.6,2.4,.091,0.3,1.3,1.6,1.2,,johnsja05
91,Scottie Barnes,23,TOR,PF,37,37,1277,18.0,.534,.291,.268,5.1,20.4,12.7,28.5,2.0,2.6,13.9,26.9,0.7,1.3,2.0,.076,1.7,0.5,2.3,1.4,,barnesc01
92,Amir Coffey,27,LAC,SG,49,11,1275,11.1,.616,.492,.239,2.1,8.2,5.2,6.2,1.1,0.5,8.2,14.9,1.7,1.3,2.9,.110,-1.4,-0.1,-1.6,0.1,,coffeam01
93,Yves Missi,20,NOP,C,47,41,1274,15.3,.582,.003,.439,13.6,18.7,16.1,7.3,1.0,5.0,13.8,13.5,1.8,0.7,2.5,.094,-1.8,-1.2,-3.0,-0.3,,missiyv01
94,Stephen Curry,36,GSW,PG,40,40,1271,19.9,.600,.619,.199,1.6,13.8,7.5,31.8,1.7,1.4,13.6,28.2,2.3,1.3,3.6,.137,5.3,-0.3,5.0,2.3,,curryst01
95,Josh Green,24,CHO,SG,44,43,1263,8.4,.578,.579,.180,3.6,7.1,5.3,7.4,1.9,0.9,12.0,10.9,0.8,0.9,1.8,.067,-3.9,0.4,-3.5,-0.5,,greenjo02
96,Cason Wallace,21,OKC,SG,46,32,1259,11.2,.524,.433,.058,4.3,9.1,6.7,10.9,3.1,2.1,9.6,11.9,0.8,2.6,3.4,.130,-2.3,2.9,0.6,0.8,,wallaca01
97,Guerschon Yabusele,29,PHI,C,47,25,1258,15.4,.639,.485,.237,7.8,17.1,12.2,11.6,1.4,1.5,13.0,16.5,2.3,0.9,3.2,.121,0.7,-0.7,-0.1,0.6,,yabusgu01
98,Terry Rozier,30,MIA,PG,44,21,1256,11.1,.513,.475,.172,3.0,12.6,7.9,15.6,1.0,1.0,11.0,20.5,-0.1,1.0,0.9,.034,-2.3,-1.4,-3.7,-0.5,,roziete01
99,Jerami Grant,30,POR,PF,39,39,1255,11.8,.537,.501,.295,1.9,9.5,5.6,10.1,1.1,2.9,8.7,19.7,0.9,0.6,1.5,.059,-0.6,-0.9,-1.4,0.2,,grantje01
100,Naz Reid,25,MIN,C,49,2,1253,16.9,.615,.493,.168,4.0,17.7,11.0,11.1,1.4,3.0,9.5,21.2,2.0,1.8,3.8,.146,1.6,1.0,2.6,1.4,,reidna01
101,CJ McCollum,33,NOP,PG,37,37,1240,16.3,.552,.447,.182,2.1,10.1,5.9,19.5,1.1,1.5,7.8,27.3,1.2,0.1,1.3,.050,1.5,-2.6,-1.1,0.3,,mccolcj01
102,Taurean Prince,30,MIL,SF,48,41,1230,9.8,.607,.645,.084,2.3,12.9,7.8,10.5,1.5,0.5,13.6,12.2,0.9,1.1,2.0,.079,-1.9,0.0,-2.0,0.0,,princta02
103,Ochai Agbaji,24,TOR,SG,44,34,1227,12.1,.614,.479,.085,3.3,11.2,7.2,8.1,1.5,2.1,8.5,13.8,1.4,0.7,2.1,.081,-0.4,0.0,-0.4,0.5,,agbajoc01
104,Spencer Dinwiddie,31,DAL,PG,49,18,1223,13.0,.552,.503,.355,1.0,9.3,5.2,20.3,1.7,0.7,10.8,17.4,1.7,0.9,2.5,.099,-0.7,-0.2,-0.9,0.3,,dinwisp01
105,Ayo Dosunmu,25,CHI,SG,40,22,1221,13.3,.587,.421,.173,2.2,10.2,6.2,20.8,1.3,1.3,10.9,16.3,1.8,0.7,2.5,.097,-1.0,-0.4,-1.4,0.2,,dosunay01
106,Tristan Da Silva,23,ORL,SF,47,35,1216,9.9,.527,.499,.128,5.4,13.3,9.1,10.2,0.9,0.9,10.4,15.1,0.5,1.3,1.8,.071,-2.2,-0.5,-2.7,-0.2,,dasiltr01
107,Jalen Duren,21,DET,C,47,47,1211,20.1,.711,.000,.417,15.1,27.8,21.5,13.0,1.2,4.4,20.0,15.6,3.0,1.8,4.8,.191,0.5,1.1,1.6,1.1,,durenja01
108,Derrick Jones Jr.,27,LAC,SF,48,45,1207,14.0,.605,.348,.171,6.1,10.2,8.2,5.3,2.4,1.6,9.6,16.4,1.4,1.8,3.2,.127,-0.9,1.0,0.1,0.6,,jonesde02
109,Trey Murphy III,24,NOP,SF,34,32,1205,19.3,.624,.540,.283,2.7,13.1,7.7,13.9,1.7,2.0,8.1,23.4,2.9,0.4,3.3,.129,3.4,-1.2,2.3,1.3,,murphtr02
110,Desmond Bane,26,MEM,SG,40,39,1203,18.2,.606,.409,.181,3.4,16.3,10.0,25.1,1.8,1.3,14.3,22.8,2.3,1.6,3.9,.157,2.7,0.8,3.5,1.7,,banede01
111,Klay Thompson,34,DAL,SF,44,44,1199,12.6,.556,.661,.080,2.7,10.8,6.8,10.5,1.5,1.4,10.8,21.1,0.5,0.9,1.3,.054,0.8,-1.1,-0.4,0.5,,thompkl01
112,Julian Champagnie,23,SAS,SF,47,26,1194,11.6,.577,.740,.125,3.4,14.1,8.8,6.8,1.4,1.5,10.1,17.0,0.6,0.9,1.5,.062,-0.7,-0.7,-1.4,0.2,,champju02
113,Keyonte George,21,UTA,PG,38,32,1188,12.6,.529,.557,.277,1.6,11.0,6.3,28.4,1.1,0.6,15.9,24.4,0.4,0.1,0.5,.021,-0.3,-2.5,-2.8,-0.2,,georgke01
114,Max Christie,21,2TM,SG,47,25,1186,10.9,.604,.564,.301,2.6,9.7,6.3,7.8,1.5,1.6,10.9,14.0,1.1,0.9,2.0,.080,-1.6,-0.2,-1.8,0.1,,chrisma02
114,Max Christie,21,LAL,SG,46,25,1154,10.7,.598,.566,.302,2.5,9.4,6.0,7.7,1.5,1.7,10.7,14.0,1.0,0.8,1.8,.077,-1.8,-0.2,-2.0,0.0,,chrisma02
114,Max Christie,21,DAL,SG,1,0,32,19.4,.845,.500,.250,6.9,23.0,15.2,13.1,1.5,0.0,18.4,14.5,0.1,0.0,0.1,.198,5.1,0.9,6.1,0.1,,chrisma02
115,Nickeil Alexander-Walker,26,MIN,SG,50,4,1184,10.8,.577,.601,.147,2.8,10.5,6.7,14.6,1.3,1.2,14.2,16.2,0.8,1.2,2.1,.084,-1.4,0.2,-1.2,0.2,,alexani01
116,Lauri Markkanen,27,UTA,PF,37,37,1179,16.6,.579,.580,.304,5.8,15.4,10.7,8.5,1.1,1.2,7.7,23.8,2.1,0.3,2.4,.099,2.5,-2.0,0.6,0.8,,markkla01
117,Stephon Castle,20,SAS,PG,46,29,1178,11.0,.498,.361,.299,3.5,8.1,5.8,21.2,1.5,0.8,13.6,23.6,-0.5,0.7,0.2,.006,-3.0,-1.5,-4.5,-0.8,,castlst01
118,Scoot Henderson,20,POR,PG,44,8,1172,14.1,.556,.402,.327,3.0,9.9,6.4,29.7,2.1,0.9,18.7,22.3,0.8,0.8,1.6,.064,-0.5,-0.7,-1.2,0.2,,hendesc01
119,Corey Kispert,25,WAS,SF,44,0,1170,11.0,.577,.585,.150,2.4,9.3,5.8,9.0,1.0,0.8,9.6,17.1,0.7,0.0,0.7,.027,-1.7,-2.1,-3.8,-0.5,,kispeco01
120,Anthony Black,21,ORL,PG,47,9,1168,9.7,.497,.303,.356,2.4,10.3,6.1,21.0,2.0,2.1,17.8,18.9,-0.8,1.6,0.9,.036,-4.1,0.8,-3.4,-0.4,,blackan01
121,Bradley Beal,31,PHO,SG,36,23,1168,14.9,.594,.385,.188,2.5,8.8,5.8,16.2,1.7,1.8,12.2,22.4,1.0,0.6,1.6,.067,-0.3,-1.0,-1.2,0.2,,bealbr01
122,Peyton Watson,22,DEN,SF,48,12,1158,12.0,.568,.316,.340,3.9,11.5,7.8,7.6,1.7,4.5,11.2,14.1,0.9,1.1,2.0,.082,-1.7,0.4,-1.3,0.2,,watsope01
123,Nic Claxton,25,BRK,C,43,35,1138,15.7,.556,.041,.299,8.2,25.0,16.3,12.2,1.8,4.7,11.9,16.9,0.8,1.5,2.3,.098,-1.5,1.4,-0.1,0.5,,claxtni01
124,Walker Kessler,23,UTA,C,38,38,1135,20.3,.706,.024,.431,16.1,25.9,21.1,7.4,0.9,7.4,15.8,12.9,2.7,1.2,3.9,.163,1.3,0.7,1.9,1.1,,kesslwa01
125,Cameron Johnson,28,BRK,PF,35,35,1131,18.4,.658,.580,.278,2.5,12.4,7.3,15.8,1.2,1.5,10.4,22.4,2.6,0.7,3.3,.140,4.0,-0.5,3.5,1.6,,johnsca02
126,Buddy Hield,32,GSW,SG,49,17,1129,12.0,.553,.690,.092,2.4,12.7,7.4,10.5,1.8,1.2,10.7,21.3,0.1,1.2,1.3,.056,-1.0,-0.5,-1.5,0.1,,hieldbu01
127,Mike Conley,37,MIN,PG,45,39,1125,12.8,.537,.666,.199,2.2,9.3,5.9,24.8,2.5,0.7,12.9,15.1,1.5,1.5,3.0,.126,-0.8,1.4,0.6,0.7,,conlemi01
128,Deandre Ayton,26,POR,C,37,37,1124,18.4,.587,.073,.118,11.2,26.5,18.7,8.5,1.3,2.9,11.8,19.6,1.4,1.3,2.7,.114,0.1,-0.7,-0.7,0.4,,aytonde01
129,Kyshawn George,21,WAS,SG,44,14,1118,7.3,.475,.693,.164,3.1,12.1,7.5,11.9,1.6,2.3,13.9,15.0,-0.8,0.4,-0.4,-0.019,-4.7,-0.9,-5.6,-1.0,,georgky01
130,Duncan Robinson,30,MIA,SF,46,28,1114,12.0,.578,.722,.089,1.3,9.5,5.5,16.7,1.1,0.4,10.2,19.5,0.9,0.8,1.7,.072,-0.7,-1.2,-1.9,0.0,,robindu01
131,Haywood Highsmith,28,MIA,SF,46,37,1109,10.2,.602,.585,.108,3.9,10.2,7.1,7.2,1.9,2.5,11.9,11.4,0.8,1.2,2.0,.085,-2.5,0.8,-1.8,0.1,,highsha01
132,Keon Johnson,22,BRK,SG,48,28,1099,9.4,.482,.523,.174,3.4,14.0,8.5,13.3,1.9,1.4,11.0,21.8,-1.0,0.9,-0.1,-0.003,-3.8,-0.5,-4.2,-0.6,,johnske07
133,Alex Sarr,19,WAS,C,41,41,1098,12.7,.483,.422,.194,7.0,19.0,12.9,12.5,1.2,5.3,10.5,20.6,-0.6,0.7,0.2,.007,-2.4,-0.8,-3.2,-0.3,,sarral01
134,Patrick Williams,23,CHI,PF,41,35,1096,9.1,.502,.526,.155,3.0,13.2,8.2,10.7,1.3,2.0,12.7,16.8,-0.5,0.8,0.2,.010,-2.8,-0.7,-3.6,-0.4,,willipa01
135,Julian Strawther,22,DEN,SG,50,0,1088,10.4,.572,.553,.193,1.5,8.9,5.4,7.7,1.5,1.1,9.1,17.5,0.7,0.6,1.4,.060,-2.5,-1.3,-3.7,-0.5,,strawju01
136,Royce O'Neale,31,PHO,SF,43,11,1082,12.7,.580,.722,.066,3.9,18.3,11.3,11.7,2.0,1.8,11.0,15.6,0.8,1.0,1.8,.081,-0.2,0.2,0.0,0.5,,onealro01
137,Onyeka Okongwu,24,ATL,C,43,9,1071,18.9,.620,.189,.331,11.7,22.3,16.8,11.4,1.6,3.2,9.4,17.0,2.5,1.2,3.7,.166,0.8,0.4,1.2,0.9,,okongon01
138,Quentin Grimes,24,DAL,SG,47,12,1070,13.5,.599,.551,.222,3.1,14.7,9.0,13.2,1.4,0.8,13.2,18.4,1.2,0.9,2.0,.092,0.2,-0.4,-0.2,0.5,,grimequ01
139,Scotty Pippen Jr.,24,MEM,PG,50,16,1068,14.9,.553,.358,.286,4.1,12.4,8.3,28.0,2.7,1.5,17.2,19.5,1.3,1.6,2.8,.126,-0.7,1.5,0.8,0.8,,pippesc02
140,Davion Mitchell,26,TOR,PG,43,22,1063,7.8,.528,.481,.151,1.7,7.1,4.3,24.0,1.4,0.7,23.0,13.1,0.0,0.4,0.4,.017,-3.8,-0.6,-4.4,-0.6,,mitchda01
141,D'Angelo Russell,28,2TM,PG,41,19,1063,15.4,.543,.539,.227,1.4,11.2,6.3,31.5,1.9,1.5,13.0,23.6,1.1,0.9,1.9,.087,0.8,-0.3,0.5,0.7,,russeda01
141,D'Angelo Russell,28,LAL,PG,29,10,763,13.1,.537,.540,.170,1.2,10.4,5.9,26.0,1.5,0.5,13.0,22.2,0.4,0.5,0.9,.056,-0.6,-1.2,-1.8,0.0,,russeda01
141,D'Angelo Russell,28,BRK,PG,12,9,300,21.3,.555,.536,.355,1.9,13.2,7.3,45.5,2.8,4.0,13.1,26.9,0.7,0.4,1.0,.165,4.5,1.9,6.4,0.6,,russeda01
142,Miles Bridges,26,CHO,PF,33,33,1059,17.2,.541,.413,.229,3.3,23.3,13.0,20.5,1.0,1.9,10.2,26.5,0.9,1.1,2.1,.093,1.6,-0.3,1.3,0.9,,bridgmi02
143,Gary Trent Jr.,26,MIL,SG,43,7,1058,10.4,.584,.660,.107,0.7,8.9,5.0,5.7,1.9,0.2,6.6,15.6,0.6,0.9,1.5,.070,-2.3,-0.4,-2.6,-0.2,,trentga02
144,Keldon Johnson,25,SAS,SF,44,0,1057,14.3,.551,.374,.262,5.9,14.8,10.4,9.1,1.2,0.9,7.0,21.2,1.0,0.8,1.8,.081,-0.6,-1.3,-1.9,0.0,,johnske04
145,Donte DiVincenzo,28,MIN,SG,40,8,1057,12.7,.557,.748,.134,2.5,12.8,7.8,19.9,2.2,0.6,15.2,19.3,0.6,1.4,2.0,.090,-0.2,0.9,0.7,0.7,,divindo01
146,Daniel Gafford,26,DAL,C,48,25,1045,25.2,.718,.000,.472,13.8,19.4,16.7,9.7,0.9,7.4,12.0,19.7,3.9,1.4,5.3,.244,2.9,1.1,4.0,1.6,,gaffoda01
147,Santi Aldama,24,MEM,PF,42,11,1039,17.7,.591,.457,.140,6.8,22.0,14.6,13.8,1.5,2.0,9.4,19.2,1.9,1.5,3.5,.161,2.6,0.7,3.4,1.4,,aldamsa01
148,LaMelo Ball,23,CHO,PG,31,31,1031,21.2,.548,.527,.239,3.0,14.3,8.5,43.3,2.0,1.0,12.6,37.3,1.3,1.0,2.3,.108,5.2,-0.2,5.0,1.8,,ballla01
149,Georges Niang,31,CLE,PF,50,1,1030,11.3,.619,.648,.085,3.6,15.6,9.7,8.3,0.8,0.6,11.7,16.7,1.1,1.0,2.1,.097,-1.1,-0.7,-1.7,0.1,,niangge01
150,Zaccharie Risacher,19,ATL,SF,43,41,1027,11.0,.514,.427,.228,5.8,10.2,7.9,7.4,1.6,1.9,9.4,20.7,-0.1,0.7,0.6,.027,-2.9,-1.7,-4.5,-0.7,,risacza01
151,Al Horford,38,BOS,C,39,25,1027,11.7,.546,.709,.058,4.5,17.2,10.8,9.9,1.2,3.0,8.9,13.2,0.9,1.4,2.3,.110,-0.5,0.9,0.4,0.6,,horfoal01
152,Franz Wagner,23,ORL,SF,31,31,1026,22.3,.570,.337,.314,3.0,17.0,9.5,30.7,2.2,1.3,9.7,31.9,1.9,1.6,3.5,.164,4.2,1.3,5.5,2.0,,wagnefr01
153,De'Andre Hunter,27,ATL,SF,36,3,1025,15.7,.613,.495,.369,2.6,11.8,7.1,7.7,1.3,0.5,9.2,24.3,1.6,0.6,2.2,.101,0.7,-1.6,-0.9,0.3,,huntede01
154,Aaron Wiggins,26,OKC,SG,48,15,1023,14.9,.590,.463,.100,5.3,12.3,8.9,10.4,1.6,1.1,9.3,18.7,1.4,1.8,3.1,.147,0.6,0.2,0.8,0.7,,wiggiaa01
155,Keon Ellis,25,SAC,SG,47,11,1022,13.7,.649,.705,.201,4.0,8.2,6.1,7.4,3.2,3.4,12.1,13.1,1.4,1.3,2.7,.125,0.2,1.9,2.1,1.1,,elliske01
156,Jabari Smith Jr.,21,HOU,PF,33,33,1021,12.5,.568,.505,.240,6.0,16.8,11.2,4.4,0.6,2.8,8.0,15.1,1.4,1.3,2.7,.128,-0.5,0.3,-0.2,0.4,,smithja05
157,Dejounte Murray,28,NOP,PG,31,31,1012,15.6,.494,.352,.251,1.7,20.3,10.7,35.0,3.0,1.1,16.2,27.3,-0.6,0.9,0.3,.015,-1.0,-0.4,-1.4,0.1,,murrade01
158,Bobby Portis,29,MIL,PF,41,5,1011,17.3,.541,.297,.125,7.7,26.1,17.2,12.3,1.3,1.9,9.0,24.0,0.6,1.4,2.1,.098,0.3,-0.7,-0.4,0.4,,portibo01
159,Clint Capela,30,ATL,C,45,41,1010,17.9,.577,.000,.258,15.2,28.4,21.5,7.8,1.2,4.1,10.7,16.6,1.5,1.3,2.8,.133,-0.7,-0.4,-1.1,0.2,,capelca01
160,Jaime Jaquez Jr.,23,MIA,SF,43,10,1004,13.6,.532,.261,.348,6.0,15.9,11.0,17.3,2.4,0.8,14.8,19.7,0.3,1.3,1.6,.076,-2.2,0.6,-1.6,0.1,,jaqueja01
161,Jalen Suggs,23,ORL,PG,35,35,1002,14.5,.536,.503,.229,2.5,14.6,8.2,22.2,2.5,3.2,16.2,27.4,-0.6,1.7,1.1,.054,-0.7,1.1,0.5,0.6,,suggsja01
162,Javonte Green,31,NOP,SG,45,17,1000,11.2,.575,.463,.322,5.1,12.7,8.7,5.4,2.4,2.7,10.3,11.0,0.8,0.5,1.4,.066,-2.3,0.2,-2.1,0.0,,greenja02
163,Dalton Knecht,23,LAL,SF,48,12,994,12.5,.598,.609,.161,2.8,13.6,8.4,6.1,0.8,0.3,6.0,17.9,1.2,0.6,1.7,.084,-0.5,-1.9,-2.4,-0.1,,knechda01
164,Grayson Allen,29,PHO,SG,40,1,989,14.6,.649,.747,.234,2.9,12.0,7.6,11.1,1.9,1.1,10.9,16.8,1.6,0.6,2.2,.108,1.4,-0.7,0.6,0.7,,allengr01
165,Jonas Valančiūnas,32,WAS,C,49,12,983,20.7,.602,.064,.251,12.4,30.5,21.3,18.9,1.1,2.6,15.8,23.6,1.4,0.8,2.2,.108,0.9,-0.7,0.2,0.6,,valanjo01
166,Wendell Carter Jr.,25,ORL,C,38,26,980,13.6,.527,.327,.418,7.8,26.3,16.4,13.9,1.6,2.0,10.6,15.5,0.9,1.7,2.6,.125,-2.2,1.3,-0.9,0.3,,cartewe01
167,Brandon Boston Jr.,23,NOP,SG,41,10,978,12.9,.535,.362,.217,2.9,12.1,7.3,14.1,2.5,0.8,10.9,19.8,0.3,0.4,0.8,.037,-2.2,-0.4,-2.5,-0.1,,bostobr01
168,Jake LaRavia,23,MEM,PF,46,0,977,13.6,.610,.375,.392,7.4,14.6,11.1,16.5,2.1,1.8,19.7,14.3,1.3,1.4,2.7,.131,0.0,1.5,1.5,0.9,,laravja01
169,Draymond Green,34,GSW,PF,35,33,975,11.7,.528,.527,.273,3.7,19.7,11.4,26.5,1.8,3.7,23.9,15.6,0.0,1.4,1.5,.071,-2.3,2.4,0.1,0.5,,greendr01
170,Kris Dunn,30,LAC,PG,43,29,968,10.3,.498,.526,.048,3.5,12.6,8.1,16.5,3.3,1.4,15.8,13.6,-0.1,1.7,1.7,.083,-3.6,3.1,-0.4,0.4,,dunnkr01
171,Cody Martin,29,CHO,SF,39,8,967,11.8,.528,.463,.183,4.3,15.5,9.7,13.5,2.2,2.7,12.7,14.5,0.4,1.2,1.6,.078,-2.2,1.2,-1.0,0.2,,martico01
172,Devin Vassell,24,SAS,SG,32,21,964,13.4,.536,.459,.156,2.3,10.2,6.3,15.6,1.8,1.5,9.8,23.5,0.1,0.7,0.8,.042,-0.8,-0.8,-1.6,0.1,,vassede01
173,Goga Bitadze,25,ORL,C,40,36,963,20.0,.634,.076,.343,12.4,28.4,19.9,15.8,1.8,6.4,16.0,15.5,1.8,2.0,3.9,.192,0.2,2.9,3.1,1.2,,bitadgo01
174,Paul George,34,PHI,PF,30,30,961,15.6,.544,.457,.180,2.3,19.1,10.3,23.9,2.6,1.2,14.8,25.5,0.0,1.0,1.0,.051,0.3,0.1,0.4,0.6,,georgpa01
175,Nikola Jović,21,MIA,PF,39,10,957,14.8,.603,.552,.254,2.8,14.7,8.8,17.2,1.8,1.1,12.1,18.4,1.3,1.0,2.3,.116,0.3,0.3,0.6,0.6,,jovicni01
176,Miles McBride,24,NYK,PG,41,0,954,13.0,.551,.584,.127,3.9,7.8,5.9,15.2,1.8,0.7,7.9,16.8,1.4,0.7,2.1,.105,0.2,-0.4,-0.1,0.4,,mcbrimi01
177,Caleb Martin,29,PHI,SF,31,24,943,10.3,.531,.375,.319,5.1,12.2,8.4,10.4,1.8,2.2,14.0,14.4,0.2,0.6,0.8,.043,-2.1,-0.1,-2.2,0.0,,martica02
178,Andrew Nembhard,25,IND,SG,33,33,938,13.5,.569,.278,.296,2.1,11.4,6.8,24.2,2.1,0.4,15.5,17.5,1.0,0.7,1.7,.086,-1.6,0.2,-1.4,0.1,,nembhan01
179,John Collins,27,UTA,PF,31,22,927,19.5,.639,.260,.296,8.4,22.0,15.3,12.6,1.6,3.2,15.7,23.6,1.5,0.7,2.3,.117,1.7,-0.2,1.5,0.8,,collijo01
180,Naji Marshall,27,DAL,SF,38,14,925,14.3,.578,.323,.196,3.9,11.7,7.9,15.0,1.9,0.4,12.6,18.9,1.0,0.7,1.7,.091,-0.5,0.0,-0.5,0.4,,marshna01
181,Isaiah Joe,25,OKC,SG,44,11,924,13.3,.595,.783,.075,2.3,10.4,6.4,8.9,1.7,0.7,5.3,17.4,1.4,1.5,2.9,.149,0.8,0.3,1.1,0.7,,joeis01
182,Brandon Miller,22,CHO,SF,27,27,924,14.2,.540,.597,.161,2.8,12.7,7.6,18.1,1.5,2.1,12.6,27.5,0.0,0.8,0.9,.046,0.9,-0.8,0.2,0.5,,millebr02
183,Dorian Finney-Smith,31,2TM,PF,34,23,913,11.2,.624,.693,.126,5.5,11.5,8.4,7.0,1.6,1.3,10.3,13.1,1.0,0.6,1.7,.088,-0.7,-0.2,-0.9,0.3,,finnedo01
183,Dorian Finney-Smith,31,BRK,PF,20,20,579,12.3,.613,.679,.151,6.0,12.4,9.1,8.2,1.5,2.1,9.6,14.3,0.7,0.4,1.1,.095,0.0,0.0,0.0,0.3,,finnedo01
183,Dorian Finney-Smith,31,LAL,PF,14,3,334,9.2,.647,.722,.069,4.5,9.9,7.3,4.8,1.6,0.0,11.9,11.1,0.3,0.2,0.5,.077,-1.9,-0.4,-2.4,0.0,,finnedo01
184,Isaiah Stewart,23,DET,C,45,3,911,13.9,.584,.171,.228,10.9,20.6,15.8,11.2,1.0,5.9,15.5,11.7,1.3,1.2,2.5,.130,-1.9,1.7,-0.2,0.4,,stewais01
185,Kevin Huerter,26,SAC,SG,43,15,899,10.6,.524,.661,.090,2.3,12.4,7.3,11.0,1.9,1.7,10.3,17.0,0.1,0.8,0.9,.046,-2.2,-0.1,-2.4,-0.1,,huertke01
186,T.J. McConnell,32,IND,PG,48,0,898,19.1,.549,.068,.111,3.4,12.1,7.8,36.5,3.2,1.4,14.6,24.5,0.9,1.0,1.9,.102,0.6,0.7,1.3,0.8,,mccontj01
187,Jaden Ivey,22,DET,SG,30,30,898,15.1,.569,.373,.281,5.0,10.3,7.7,20.2,1.5,1.2,16.1,26.2,0.4,0.7,1.1,.060,0.7,-1.1,-0.4,0.4,,iveyja01
188,Trayce Jackson-Davis,24,GSW,C,46,37,897,18.3,.583,.004,.309,12.3,21.5,16.7,16.2,1.1,3.6,11.0,16.6,1.8,1.2,3.0,.160,0.4,0.8,1.1,0.7,,jackstr02
189,Isaiah Collier,20,UTA,PG,40,15,895,6.7,.448,.331,.171,1.6,12.0,6.9,32.4,1.7,0.8,29.3,17.5,-1.4,0.3,-1.1,-0.060,-5.6,-1.5,-7.1,-1.2,,colliis01
190,A.J. Green,25,MIL,SG,41,5,894,10.2,.642,.867,.062,1.4,9.7,5.7,7.7,1.2,0.4,8.5,13.2,1.1,0.6,1.7,.091,-1.3,-0.6,-1.9,0.0,,greenaj01
191,Ty Jerome,27,CLE,SG,47,2,888,21.0,.641,.426,.210,4.3,9.3,6.9,24.8,3.0,0.1,11.8,22.5,2.7,1.1,3.9,.208,3.1,1.0,4.2,1.4,,jeromty01
192,Kyle Kuzma,29,WAS,PF,32,30,887,10.7,.488,.352,.215,3.1,18.8,10.8,14.8,1.1,0.7,12.8,26.8,-1.5,0.3,-1.3,-0.069,-2.9,-2.5,-5.4,-0.8,,kuzmaky01
193,Kevin Porter Jr.,24,LAC,SG,45,2,884,12.3,.476,.260,.187,3.7,16.3,10.1,25.2,2.4,1.2,16.0,25.6,-1.1,1.4,0.3,.016,-3.1,0.6,-2.5,-0.1,,porteke02
194,Caris LeVert,30,CLE,SF,37,2,883,15.2,.594,.500,.286,2.8,10.0,6.5,20.3,1.7,1.9,13.0,18.2,1.5,1.0,2.5,.135,1.2,0.6,1.8,0.8,,leverca01
195,Obi Toppin,26,IND,PF,46,0,866,17.9,.643,.477,.191,4.1,19.2,11.8,11.4,1.7,1.8,8.3,19.2,1.7,0.9,2.6,.143,1.8,0.0,1.8,0.8,,toppiob01
196,Brandon Clarke,28,MEM,PF,46,18,865,16.3,.629,.061,.202,10.4,17.5,14.0,6.8,2.1,2.6,8.9,14.4,1.8,1.4,3.1,.173,-0.7,1.1,0.4,0.5,,clarkbr01
197,Brandin Podziemski,21,GSW,SG,36,8,864,13.1,.538,.502,.143,4.1,15.9,9.8,19.2,2.0,0.8,11.6,16.3,0.8,1.0,1.8,.100,-1.2,1.1,-0.1,0.4,,podzibr01
198,Ryan Dunn,22,PHO,SF,44,27,856,10.7,.529,.516,.076,6.0,13.3,9.8,7.0,1.2,2.8,6.2,15.8,0.4,0.5,1.0,.054,-2.7,-0.9,-3.6,-0.3,,dunnry01
199,Noah Clowney,20,BRK,PF,37,18,853,9.9,.536,.699,.201,4.6,15.5,9.8,5.4,1.1,2.2,10.5,18.8,-0.1,0.6,0.6,.032,-2.6,-1.1,-3.7,-0.4,,clownno01
200,Ziaire Williams,23,BRK,SF,36,19,846,12.3,.536,.500,.283,5.0,18.7,11.6,9.4,2.1,1.9,10.6,18.7,0.3,0.9,1.2,.065,-2.5,0.0,-2.5,-0.1,,willizi02
201,Nicolas Batum,36,LAC,PF,48,1,844,9.2,.568,.820,.101,4.3,13.7,9.0,9.9,1.7,2.2,12.6,8.5,0.7,1.2,1.9,.110,-2.1,1.9,-0.1,0.4,,batumni01
202,Mason Plumlee,34,PHO,C,48,18,840,14.3,.601,.015,.562,11.2,28.8,20.2,14.3,1.2,4.1,20.2,10.7,1.3,1.1,2.4,.136,-1.9,1.2,-0.6,0.3,,plumlma01
203,Sam Hauser,27,BOS,PF,42,7,834,12.8,.613,.860,.008,3.5,12.8,8.1,6.8,1.7,0.9,5.8,14.3,1.2,1.0,2.2,.129,0.7,0.1,0.8,0.6,,hausesa01
204,Jonathan Kuminga,22,GSW,PF,32,10,832,16.6,.539,.274,.400,5.4,15.1,10.1,13.8,1.7,2.0,9.1,27.7,0.4,1.0,1.4,.080,0.4,-0.2,0.2,0.5,,kuminjo01
205,Ja Morant,25,MEM,PG,29,29,825,19.0,.558,.307,.379,2.5,12.7,7.7,38.2,2.1,1.0,17.5,31.1,1.0,1.0,2.0,.119,2.9,-0.4,2.5,0.9,,moranja01
206,Gabe Vincent,28,LAL,PG,41,5,824,6.4,.516,.680,.050,1.6,5.6,3.6,8.3,1.7,1.1,10.9,12.3,-0.1,0.5,0.4,.021,-4.7,-0.2,-4.9,-0.6,,vincega01
207,Isaiah Hartenstein,26,OKC,C,28,27,823,19.0,.575,.052,.285,11.2,33.7,22.6,19.6,1.3,4.2,15.9,17.2,1.4,2.2,3.6,.208,0.5,3.1,3.6,1.2,,harteis01
208,Luke Kennard,28,MEM,SG,37,5,819,15.5,.664,.660,.160,3.2,10.5,6.9,19.6,1.4,0.3,12.7,15.3,2.1,0.8,2.8,.167,2.9,0.1,3.0,1.0,,kennalu01
209,Ben Simmons,28,BRK,PG,32,24,806,12.7,.567,.000,.158,4.0,20.6,12.0,41.7,1.5,2.0,33.3,14.4,0.3,0.8,1.1,.065,-2.4,1.3,-1.1,0.2,,simmobe01
210,Andre Jackson Jr.,23,MIL,SG,46,38,804,8.6,.554,.419,.113,7.3,12.7,10.1,10.9,1.7,1.5,22.6,11.7,0.1,0.8,0.9,.057,-3.8,0.2,-3.6,-0.3,,jacksan01
211,Jarace Walker,21,IND,PF,48,1,803,11.9,.581,.513,.241,2.6,18.8,10.8,11.4,2.6,2.3,17.1,16.7,0.0,1.0,1.0,.059,-2.1,1.1,-1.1,0.2,,walkeja02
212,Simone Fontecchio,29,DET,SF,45,0,800,9.4,.544,.613,.248,4.3,13.7,9.0,6.5,1.0,1.0,11.7,15.9,0.3,0.6,0.9,.052,-2.4,-1.1,-3.4,-0.3,,fontesi01
213,Dean Wade,28,CLE,PF,35,26,799,11.3,.555,.832,.140,4.9,19.0,12.1,8.2,1.8,1.8,5.5,10.8,1.0,1.1,2.1,.127,-0.4,1.4,1.0,0.6,,wadede01
214,Sam Merrill,28,CLE,SG,42,2,785,11.1,.569,.866,.103,3.0,8.0,5.6,10.7,1.5,0.9,6.7,15.5,1.1,0.7,1.8,.108,-0.4,0.0,-0.5,0.3,,merrisa01
215,Luka Dončić,25,DAL,PG,22,22,785,24.6,.584,.455,.313,2.2,22.4,12.6,36.6,2.7,1.0,12.4,32.8,1.8,1.1,2.9,.177,5.6,1.3,7.0,1.8,,doncilu01
216,Cole Anthony,24,ORL,PG,46,8,781,13.8,.519,.394,.209,4.2,16.6,10.0,28.1,1.9,1.9,15.4,26.5,-0.3,1.2,0.9,.057,-1.3,0.5,-0.8,0.2,,anthoco01
217,Tari Eason,23,HOU,PF,33,1,778,18.9,.556,.327,.228,9.5,19.5,14.3,6.8,3.8,3.4,8.3,19.2,1.2,1.8,3.0,.183,1.1,3.0,4.2,1.2,,easonta01
218,Trey Lyles,29,SAC,PF,39,2,775,11.9,.539,.683,.193,6.2,20.4,13.3,6.3,1.5,2.4,8.9,14.3,0.5,0.8,1.4,.084,-0.8,-0.4,-1.2,0.2,,lylestr01
219,Ron Holland,19,DET,SF,50,1,772,10.5,.544,.375,.235,3.8,16.2,10.0,7.3,1.8,0.9,12.9,18.4,0.0,0.8,0.8,.050,-3.7,-0.1,-3.9,-0.4,,hollaro01
220,Dereck Lively II,20,DAL,C,32,25,768,20.6,.704,.000,.390,14.2,20.9,17.6,15.3,1.1,6.2,15.8,13.7,2.4,1.0,3.4,.212,1.6,2.3,4.0,1.2,,livelde01
221,Jimmy Butler,35,MIA,PF,25,25,766,22.8,.638,.137,.612,7.9,10.6,9.3,24.8,1.7,1.2,8.2,21.0,3.0,0.7,3.7,.232,4.2,0.4,4.6,1.2,,butleji01
222,Moses Moody,22,GSW,SG,42,5,765,12.9,.588,.619,.223,2.8,9.5,6.1,8.9,1.3,1.6,8.1,19.1,0.8,0.6,1.5,.092,-0.1,-0.6,-0.7,0.2,,moodymo01
223,Vasilije Micić,31,CHO,PG,36,16,764,7.0,.462,.458,.150,2.7,9.7,6.1,24.6,1.0,0.0,20.3,20.2,-1.0,0.4,-0.6,-0.038,-4.3,-2.3,-6.6,-0.9,,micicva01
224,Jeremy Sochan,21,SAS,PF,28,19,758,15.8,.582,.169,.286,9.9,19.2,14.6,14.2,1.7,1.8,14.8,18.9,0.8,0.8,1.6,.102,-0.6,0.5,-0.1,0.4,,sochaje01
225,Luke Kornet,29,BOS,C,45,6,755,19.2,.682,.000,.415,14.3,17.6,15.9,12.1,1.5,5.1,10.2,10.8,2.6,1.3,3.8,.244,1.5,2.1,3.5,1.0,,kornelu01
226,Garrison Mathews,28,ATL,SG,41,2,750,11.5,.609,.848,.329,1.8,9.6,5.6,9.8,1.6,1.4,9.6,15.9,1.0,0.5,1.5,.093,-1.3,-0.5,-1.8,0.0,,mathega01
227,Chris Boucher,32,TOR,PF,43,0,748,19.5,.633,.522,.248,7.9,19.5,13.7,5.1,1.5,3.1,7.0,21.7,1.6,0.7,2.3,.147,3.5,-0.8,2.7,0.9,,bouchch01
228,Zach Edey,22,MEM,C,36,29,747,18.2,.626,.156,.284,17.0,21.6,19.3,6.2,1.5,5.1,16.4,17.9,1.3,1.3,2.5,.162,-0.2,0.2,-0.1,0.4,,edeyza01
229,Aaron Gordon,29,DEN,PF,28,19,747,15.3,.631,.325,.367,6.8,12.8,9.9,12.7,0.8,0.7,12.3,18.0,1.5,0.4,1.9,.121,1.4,-1.5,-0.1,0.3,,gordoaa01
230,Jonathan Isaac,27,ORL,PF,45,0,745,16.8,.504,.479,.310,12.5,22.4,17.1,4.6,2.4,7.4,6.5,17.2,0.6,1.7,2.2,.143,-1.0,1.3,0.4,0.4,,isaacjo01
231,Kristaps Porziņģis,29,BOS,C,26,26,744,23.0,.613,.452,.347,6.2,20.6,13.4,11.5,1.4,5.1,5.8,25.3,2.2,1.3,3.5,.228,4.2,1.3,5.5,1.4,,porzikr01
232,Moussa Diabaté,23,CHO,C,40,4,742,15.0,.601,.016,.397,16.8,22.5,19.6,5.6,1.9,3.7,20.0,10.5,0.9,1.1,1.9,.124,-2.1,0.1,-2.0,0.0,,diabamo01
233,Jordan Hawkins,22,NOP,SG,32,5,741,9.7,.497,.589,.184,1.7,10.2,5.8,6.0,1.4,1.6,8.0,21.4,-0.4,0.1,-0.3,-0.020,-2.8,-3.1,-5.9,-0.7,,hawkijo01
234,Jamal Shead,22,TOR,PG,44,0,737,9.1,.517,.439,.127,1.8,5.8,3.8,28.4,1.6,0.7,21.3,17.5,-0.2,0.3,0.1,.007,-3.2,-1.4,-4.6,-0.5,,sheadja01
235,Jeremiah Robinson-Earl,24,NOP,PF,41,6,736,12.8,.543,.465,.146,10.2,18.8,14.3,9.7,1.8,0.8,12.1,13.7,0.7,0.4,1.1,.070,-1.3,-1.2,-2.5,-0.1,,robinje02
236,Terance Mann,28,LAC,SG,37,12,732,10.5,.533,.385,.164,4.9,11.3,8.1,11.2,1.9,1.5,10.7,13.8,0.4,1.0,1.4,.095,-2.6,1.1,-1.5,0.1,,mannte01
237,Eric Gordon,36,PHI,SG,36,13,723,11.7,.615,.675,.251,0.9,5.8,3.2,11.4,1.7,1.6,10.5,14.5,0.8,0.3,1.2,.077,-0.2,-0.7,-0.9,0.2,,gordoer01
238,Ben Sheppard,23,IND,SG,35,8,718,8.6,.545,.695,.075,3.8,10.3,7.1,8.0,1.3,1.2,6.3,11.6,0.5,0.4,1.0,.065,-2.5,-0.3,-2.7,-0.1,,sheppbe01
239,Vit Krejci,24,ATL,PG,35,15,711,10.6,.572,.665,.141,1.9,10.9,6.3,16.6,1.7,2.2,13.3,13.4,0.5,0.5,1.1,.073,-2.0,0.8,-1.2,0.1,,krejcvi01
240,Jalen Smith,24,CHI,C,46,1,706,18.8,.598,.546,.230,10.0,27.9,19.1,8.5,0.8,4.3,8.0,20.6,1.3,0.8,2.2,.146,1.3,-0.8,0.5,0.4,,smithja04
241,Kevon Looney,28,GSW,C,43,6,701,18.2,.528,.011,.326,18.0,27.0,22.4,15.9,2.2,2.4,10.6,14.1,1.4,1.2,2.6,.181,-0.4,1.1,0.6,0.5,,looneke01
242,Kyle Filipowski,21,UTA,C,38,8,689,11.8,.564,.407,.333,6.3,21.9,14.2,14.5,1.5,0.7,16.1,14.8,0.5,0.4,0.9,.064,-2.0,0.0,-2.0,0.0,,filipky01
243,Brice Sensabaugh,21,UTA,SF,38,1,687,13.2,.601,.607,.121,3.9,12.2,8.1,11.5,1.6,0.4,15.0,22.0,0.4,0.2,0.6,.039,0.1,-1.7,-1.6,0.1,,sensabr01
244,Matas Buzelis,20,CHI,SF,49,0,683,11.3,.550,.488,.171,4.8,15.9,10.4,4.1,0.7,5.2,10.1,17.6,0.0,0.6,0.7,.046,-3.2,-0.8,-4.0,-0.3,,buzelma01
245,Tyrese Martin,25,BRK,SG,32,6,681,10.2,.521,.603,.117,5.6,16.4,10.8,12.9,1.0,0.7,13.7,18.8,-0.2,0.4,0.2,.015,-1.4,-1.5,-2.9,-0.2,,martity01
246,Jordan Clarkson,32,UTA,SG,26,3,665,15.4,.542,.447,.289,2.7,10.8,6.8,23.8,1.7,1.0,13.1,28.0,0.4,0.2,0.6,.043,1.0,-1.7,-0.6,0.2,,clarkjo01
247,Nick Richards,27,2TM,C,30,17,659,16.3,.609,.012,.657,12.2,29.4,20.7,8.0,0.7,5.0,18.4,17.7,0.7,0.9,1.6,.115,-2.4,-0.3,-2.7,-0.1,,richani01
247,Nick Richards,27,CHO,C,21,9,440,17.4,.614,.009,.763,12.0,26.9,19.2,9.7,0.8,5.8,17.8,17.8,0.6,0.6,1.2,.132,-2.1,0.3,-1.8,0.0,,richani01
247,Nick Richards,27,PHO,C,9,8,219,14.2,.598,.017,.448,12.5,34.3,23.8,4.6,0.5,3.4,19.7,17.5,0.1,0.3,0.4,.083,-3.1,-1.3,-4.5,-0.1,,richani01
248,Lindy Waters III,27,GSW,SG,38,9,655,8.6,.498,.722,.054,2.5,13.5,7.8,8.8,1.6,1.4,7.5,14.6,0.0,0.7,0.7,.052,-3.5,0.2,-3.3,-0.2,,waterli01
249,Herbert Jones,26,NOP,SF,20,20,648,10.5,.541,.419,.233,3.5,9.7,6.5,13.9,2.8,1.3,15.6,14.6,0.2,0.3,0.5,.035,-3.7,0.1,-3.6,-0.3,,joneshe01
250,Lonzo Ball,27,CHI,PG,30,9,647,12.7,.524,.827,.107,3.3,13.2,8.3,20.5,3.2,2.0,14.9,15.6,0.3,0.8,1.1,.079,-1.6,2.0,0.4,0.4,,balllo01
251,Cameron Payne,30,NYK,PG,45,1,642,16.0,.568,.625,.139,2.0,9.3,5.7,24.1,2.1,1.6,9.3,21.1,1.3,0.6,1.9,.141,1.4,0.1,1.5,0.6,,payneca01
252,Maxi Kleber,33,DAL,PF,34,4,637,5.7,.489,.510,.219,4.3,11.6,8.0,8.3,0.7,2.3,17.9,8.6,0.0,0.4,0.4,.032,-4.0,0.4,-3.6,-0.3,,klebima01
253,Ricky Council IV,23,PHI,SF,41,4,634,13.6,.541,.427,.344,5.1,14.4,9.5,11.5,1.5,1.1,8.7,19.9,0.6,0.4,1.0,.072,-0.4,-1.6,-2.1,0.0,,councri01
254,Julian Phillips,21,CHI,SF,49,3,633,9.7,.557,.535,.259,7.0,8.7,7.9,4.1,1.5,1.5,9.6,13.8,0.4,0.4,0.8,.058,-3.0,-1.1,-4.1,-0.3,,phillju01
255,Tidjane Salaün,19,CHO,PF,34,8,625,7.1,.433,.629,.182,5.8,18.4,11.9,8.3,1.6,0.9,13.6,14.4,-0.5,0.6,0.1,.007,-4.6,-0.1,-4.7,-0.4,,salauti01
256,Daniel Theis,32,NOP,C,38,9,621,12.2,.558,.287,.287,7.4,21.7,14.3,13.1,1.4,3.0,14.7,11.6,0.6,0.4,1.0,.080,-3.2,-0.2,-3.3,-0.2,,theisda01
257,Shake Milton,28,2TM,SG,38,1,620,12.5,.583,.459,.243,3.6,9.3,6.4,19.9,1.4,0.3,12.0,16.5,0.8,0.3,1.2,.089,-1.2,-0.4,-1.6,0.1,,miltosh01
257,Shake Milton,28,BRK,SG,27,1,492,13.0,.580,.459,.210,3.6,8.5,6.0,20.7,1.5,0.2,10.4,17.1,0.7,0.2,1.0,.094,-0.7,-0.3,-1.1,0.1,,miltosh01
257,Shake Milton,28,LAL,SG,11,0,128,10.4,.601,.464,.429,3.6,12.1,8.0,16.6,0.8,0.7,19.4,14.2,0.1,0.1,0.2,.072,-3.0,-0.5,-3.5,0.0,,miltosh01
258,Precious Achiuwa,25,NYK,C,30,3,614,15.6,.584,.138,.237,11.8,20.7,16.3,6.5,2.5,3.5,13.0,13.6,0.8,0.9,1.7,.136,-0.7,0.5,-0.2,0.3,,achiupr01
259,Cam Thomas,23,BRK,SG,19,17,614,18.5,.596,.427,.383,1.8,11.3,6.4,19.6,1.1,0.2,11.5,31.9,0.8,0.3,1.1,.085,2.8,-2.0,0.8,0.4,,thomaca02
260,Jonathan Mogbo,23,TOR,PF,37,6,612,13.0,.533,.162,.318,11.5,15.9,13.7,12.4,2.1,2.7,15.0,14.2,0.5,0.6,1.1,.085,-1.8,0.5,-1.4,0.1,,mogbojo01
261,Jaden Hardy,22,DAL,SG,39,3,609,10.4,.545,.477,.181,1.3,9.5,5.5,13.1,1.7,0.7,16.0,24.9,-0.5,0.4,-0.1,-0.004,-3.0,-1.5,-4.5,-0.4,,hardyja02
262,Jose Alvarado,26,NOP,PG,27,7,599,14.9,.565,.670,.158,2.1,7.7,4.8,26.9,2.7,1.2,11.9,18.4,0.9,0.2,1.1,.091,0.4,-0.5,-0.1,0.3,,alvarjo01
263,Dalen Terry,22,CHI,SG,47,1,598,8.6,.548,.375,.292,4.8,7.4,6.1,12.2,1.7,1.6,17.7,13.8,0.1,0.4,0.5,.038,-4.3,-0.3,-4.6,-0.4,,terryda01
264,Dalano Banton,25,POR,PG,39,0,598,15.0,.519,.438,.257,2.3,11.5,6.9,21.9,2.3,3.1,13.0,26.0,0.0,0.5,0.5,.044,1.0,0.0,1.0,0.5,,bantoda01
265,Kel'el Ware,20,MIA,C,33,7,598,18.8,.635,.290,.157,7.4,23.8,15.7,5.7,1.6,5.2,9.3,18.3,0.9,1.0,1.9,.150,0.3,0.3,0.6,0.4,,wareke01
266,Bogdan Bogdanović,32,ATL,SG,24,0,598,7.7,.502,.652,.152,2.1,10.0,5.9,11.2,1.6,0.9,13.4,18.8,-0.4,0.4,-0.1,-0.005,-4.3,-0.6,-4.9,-0.4,,bogdabo01
267,Brandon Ingram,27,NOP,SF,18,18,595,16.3,.560,.345,.165,3.0,15.7,9.1,27.2,1.3,1.7,16.2,30.2,-0.1,0.2,0.1,.007,1.5,-1.8,-0.3,0.3,,ingrabr01
268,Donovan Clingan,20,POR,C,37,10,593,16.4,.566,.146,.238,18.0,26.0,22.0,6.5,1.3,8.7,20.5,14.9,0.4,0.9,1.4,.110,-2.7,1.1,-1.6,0.1,,clingdo01
269,Jusuf Nurkić,30,PHO,C,25,23,592,12.7,.556,.362,.423,8.9,33.2,21.4,11.1,1.9,2.5,22.8,18.7,-0.2,0.9,0.6,.052,-3.8,0.5,-3.3,-0.2,,nurkiju01
270,Jared McCain,20,PHI,SG,23,8,592,15.6,.589,.485,.204,2.5,9.0,5.5,17.0,1.3,0.0,11.0,25.0,0.7,0.2,0.9,.071,2.0,-1.5,0.5,0.4,,mccaija01
271,Oso Ighodaro,22,PHO,PF,39,2,591,10.0,.572,.019,.330,6.6,17.1,12.0,8.5,1.5,2.1,15.9,10.8,0.4,0.5,0.8,.068,-3.5,0.2,-3.3,-0.2,,ighodos01
272,Kyle Lowry,38,PHI,PG,30,12,589,10.3,.543,.762,.276,1.9,10.5,6.0,19.4,2.6,1.6,14.5,10.3,0.6,0.5,1.1,.087,-2.5,1.8,-0.7,0.2,,lowryky01
273,Ja'Kobe Walter,20,TOR,SG,31,8,587,9.2,.499,.483,.220,3.9,10.0,6.9,10.3,1.6,1.0,9.5,18.2,-0.1,0.3,0.2,.019,-3.4,-1.3,-4.7,-0.4,,walteja01
274,Justin Champagnie,23,WAS,SF,31,13,583,15.6,.611,.478,.159,7.9,17.6,12.6,7.8,2.5,3.1,11.4,15.7,0.7,0.5,1.1,.093,-0.5,0.5,0.0,0.3,,champju01
275,Kris Murray,24,POR,SF,42,0,575,10.0,.509,.399,.209,8.1,9.5,8.8,8.8,1.4,1.3,11.6,13.9,0.2,0.3,0.5,.039,-1.9,-0.7,-2.6,-0.1,,murrakr01
276,Drew Eubanks,27,2TM,C,38,4,575,16.1,.634,.034,.390,7.7,24.4,16.1,11.7,0.8,5.3,15.3,14.8,0.8,0.5,1.3,.108,-0.8,0.7,-0.1,0.3,,eubandr01
276,Drew Eubanks,27,UTA,C,37,4,568,16.2,.632,.034,.393,7.8,24.5,16.2,11.8,0.9,5.3,15.4,14.9,0.8,0.5,1.3,.108,-0.8,0.7,-0.1,0.3,,eubandr01
276,Drew Eubanks,27,LAC,C,1,0,7,12.3,1.000,.000,.000,0.0,15.7,7.9,0.0,0.0,0.0,0.0,6.2,0.0,0.0,0.0,.150,-2.0,-3.1,-5.1,0.0,,eubandr01
277,Paolo Banchero,22,ORL,PF,17,17,574,15.6,.500,.290,.414,4.2,23.0,12.9,26.1,1.0,2.0,12.8,33.3,-0.6,0.8,0.3,.021,0.2,-0.4,-0.2,0.3,,banchpa01
278,Johnny Juzang,23,UTA,SG,32,5,571,11.2,.585,.714,.132,3.7,13.1,8.5,8.4,1.0,0.8,7.4,15.9,0.8,0.1,0.9,.073,-0.8,-1.5,-2.3,0.0,,juzanjo01
279,Neemias Queta,25,BOS,C,39,5,570,15.8,.688,.016,.349,10.4,17.4,13.9,6.4,1.1,4.5,14.7,13.0,1.2,0.9,2.1,.177,-1.7,1.0,-0.6,0.2,,quetane01
280,Jay Huff,26,MEM,C,43,1,564,18.2,.681,.665,.211,4.2,13.8,9.1,7.0,0.9,6.5,10.1,19.5,1.3,0.8,2.1,.175,2.9,1.0,3.9,0.8,,huffja01
281,Moritz Wagner,27,ORL,C,30,1,564,22.4,.649,.301,.442,7.7,23.8,15.2,14.1,2.1,2.1,14.1,26.7,1.0,1.0,2.0,.174,2.8,1.3,4.1,0.9,,wagnemo01
282,Ausar Thompson,22,DET,SF,28,17,563,15.0,.550,.171,.278,8.1,18.1,13.1,12.0,3.7,2.2,15.3,18.7,0.2,1.0,1.1,.098,-2.6,2.1,-0.5,0.2,,thompau01
283,Ajay Mitchell,22,OKC,SG,34,1,561,12.4,.604,.307,.199,3.3,9.4,6.4,13.3,2.1,0.5,13.4,15.8,0.7,1.0,1.6,.138,-2.3,1.1,-1.2,0.1,,mitchaj01
284,Cam Reddish,25,LAL,SF,31,8,560,7.8,.529,.523,.302,3.1,9.3,6.3,5.0,2.7,1.6,11.0,8.6,0.1,0.6,0.7,.059,-4.0,1.6,-2.5,-0.1,,reddica01
285,Isaac Okoro,24,CLE,SG,28,16,551,10.4,.567,.595,.191,4.5,6.9,5.7,10.0,1.7,1.8,7.2,11.9,0.8,0.5,1.3,.115,-1.2,0.8,-0.4,0.2,,okorois01
286,Mark Williams,23,CHO,C,22,19,550,27.5,.642,.004,.424,14.0,28.5,21.0,18.2,1.3,4.8,7.7,22.8,2.2,0.8,3.0,.263,4.5,1.1,5.6,1.1,,willima07
287,Marcus Sasser,24,DET,PG,39,0,545,13.4,.573,.513,.126,2.7,7.5,5.1,22.4,2.2,0.7,14.4,18.4,0.6,0.5,1.1,.096,-1.0,0.1,-0.9,0.2,,sassema01
288,Cody Williams,20,UTA,SG,26,12,545,3.3,.389,.525,.183,2.6,8.8,5.7,8.5,1.2,1.7,14.5,11.7,-0.7,0.1,-0.6,-0.051,-6.3,-0.9,-7.2,-0.7,,willico04
289,Seth Curry,34,CHO,SG,40,8,543,12.2,.627,.524,.101,2.9,8.1,5.4,6.8,1.5,0.9,8.8,15.0,0.7,0.4,1.1,.095,-1.0,-0.2,-1.3,0.1,,curryse01
290,Kyle Anderson,31,GSW,PF,36,3,541,15.0,.522,.308,.160,5.1,16.7,10.7,21.3,2.3,3.5,10.0,15.6,0.6,0.8,1.4,.127,-0.2,2.3,2.1,0.6,,anderky01
291,Andre Drummond,31,PHI,C,28,16,538,14.2,.533,.069,.384,14.5,33.0,23.3,4.5,3.0,1.9,20.2,19.1,-0.3,0.8,0.6,.053,-3.6,-0.4,-4.0,-0.3,,drumman01
292,Max Strus,28,CLE,SF,22,9,537,11.2,.569,.784,.047,3.5,15.0,9.4,15.0,1.3,1.3,12.7,13.8,0.6,0.6,1.2,.106,0.0,0.7,0.6,0.4,,strusma01
293,Khris Middleton,33,MIL,SF,23,7,534,18.0,.627,.408,.218,1.0,15.5,8.5,28.5,1.5,0.9,13.8,21.9,1.1,0.6,1.7,.151,1.6,0.2,1.8,0.5,,middlkh01
294,Alex Caruso,30,OKC,SG,28,0,533,12.9,.480,.578,.078,3.6,11.4,7.6,16.1,4.4,2.7,10.2,14.1,0.2,1.3,1.5,.139,-2.1,4.3,2.2,0.6,,carusal01
295,Kenrich Williams,30,OKC,PF,37,1,530,14.5,.603,.485,.101,6.5,18.0,12.4,9.5,2.2,1.0,10.6,15.8,0.8,1.1,1.9,.170,-0.7,1.4,0.7,0.4,,willike04
296,Cam Whitmore,20,HOU,SF,31,0,525,14.6,.532,.449,.162,4.7,15.9,10.2,7.7,1.9,1.6,10.7,24.9,0.1,0.8,0.9,.083,0.1,-0.2,-0.1,0.3,,whitmca01
297,Gary Payton II,32,GSW,SG,38,10,519,14.4,.593,.307,.183,7.1,17.0,11.9,13.8,2.3,2.0,14.0,15.6,0.6,0.7,1.3,.121,-1.9,1.6,-0.4,0.2,,paytoga02
298,Nick Smith Jr.,20,CHO,SG,29,10,500,8.5,.490,.557,.044,1.0,10.8,5.8,14.3,1.1,1.0,11.2,19.7,-0.3,0.3,0.0,.003,-3.2,-1.4,-4.6,-0.3,,smithni01
299,Josh Okogie,26,2TM,SG,32,2,500,16.9,.581,.389,.305,9.2,11.9,10.5,7.2,3.9,2.9,11.7,18.7,0.5,0.7,1.2,.116,0.2,1.8,2.0,0.5,,okogijo01
299,Josh Okogie,26,PHO,SG,25,1,351,16.0,.586,.368,.281,10.4,12.2,11.4,5.9,3.0,2.7,11.1,18.2,0.4,0.4,0.8,.103,0.2,0.2,0.4,0.2,,okogijo01
299,Josh Okogie,26,CHO,SG,7,1,149,19.0,.570,.434,.358,6.3,11.1,8.6,10.4,6.3,3.3,12.8,19.9,0.1,0.3,0.5,.147,0.3,5.4,5.7,0.3,,okogijo01
300,Monte Morris,29,PHO,PG,38,0,493,12.5,.529,.429,.248,2.3,9.8,6.2,18.1,1.6,0.6,8.2,17.5,0.5,0.2,0.7,.067,-1.4,-0.8,-2.2,0.0,,morrimo01
301,Malcolm Brogdon,32,WAS,PG,20,13,490,15.9,.547,.239,.392,4.0,13.6,8.7,26.5,1.0,0.9,11.9,23.6,0.5,0.1,0.6,.059,0.1,-1.6,-1.5,0.1,,brogdma01
302,Day'Ron Sharpe,23,BRK,C,28,0,487,19.2,.556,.165,.295,18.6,22.2,20.3,14.5,2.1,3.5,14.2,21.0,0.7,0.6,1.3,.131,-0.2,0.1,-0.1,0.2,,sharpda01
303,KJ Martin,24,PHI,PF,24,7,480,12.5,.689,.212,.293,4.9,13.1,8.8,5.8,1.1,3.4,9.7,11.4,0.9,0.3,1.2,.120,-1.8,0.4,-1.4,0.1,,martike04
304,Grant Williams,26,CHO,PF,16,7,479,11.6,.596,.602,.301,3.9,14.8,9.2,11.3,1.8,2.7,16.7,14.7,0.3,0.5,0.9,.086,-2.2,0.7,-1.5,0.1,,willigr01
305,Justin Edwards,21,PHI,SF,20,5,472,10.7,.586,.620,.116,4.7,10.7,7.6,8.4,1.6,1.5,11.7,14.4,0.4,0.3,0.6,.063,-1.7,-1.3,-3.0,-0.1,,edwarju01
306,Jaxson Hayes,24,LAL,C,27,6,462,14.8,.695,.023,.465,9.1,17.7,13.5,7.4,1.5,5.0,16.2,11.8,0.9,0.6,1.4,.149,-2.2,1.2,-1.0,0.1,,hayesja02
307,Jett Howard,21,ORL,SF,42,0,461,8.6,.508,.702,.101,4.2,8.9,6.4,8.6,0.8,1.5,9.3,19.3,-0.1,0.5,0.4,.039,-2.5,-1.2,-3.8,-0.2,,howarje01
308,Talen Horton-Tucker,24,CHI,SG,40,0,461,13.9,.570,.440,.261,3.2,12.0,7.7,16.2,1.5,1.5,11.2,20.9,0.4,0.3,0.7,.073,-1.1,-1.0,-2.1,0.0,,hortota01
309,Thomas Bryant,27,2TM,C,33,2,451,19.1,.636,.452,.199,10.3,18.6,14.5,8.1,1.7,4.3,7.0,16.5,1.1,0.6,1.7,.176,2.0,0.4,2.3,0.5,,bryanth01
309,Thomas Bryant,27,MIA,C,10,0,115,15.8,.624,.607,.393,5.8,24.2,15.1,4.9,0.4,7.4,5.7,13.4,0.2,0.2,0.4,.167,-1.0,0.9,-0.2,0.1,,bryanth01
309,Thomas Bryant,27,IND,C,23,2,336,20.2,.639,.415,.153,11.9,16.7,14.3,9.2,2.1,3.3,7.4,17.5,0.9,0.4,1.3,.179,3.0,0.2,3.2,0.4,,bryanth01
310,Tre Jones,25,SAS,PG,28,0,450,13.9,.572,.280,.355,3.6,9.9,6.8,30.9,1.9,1.0,16.3,12.2,0.9,0.3,1.2,.129,-1.3,1.1,-0.2,0.2,,jonestr01
311,Steven Adams,31,HOU,C,35,2,440,17.0,.563,.000,.689,21.4,22.4,21.9,11.9,1.1,3.5,22.0,14.0,0.6,0.7,1.3,.142,0.1,0.2,0.4,0.3,,adamsst01
312,Jamison Battle,23,TOR,SF,34,0,428,12.7,.628,.746,.099,4.9,11.1,8.0,10.1,0.5,0.9,7.5,15.8,0.8,0.1,0.9,.097,1.5,-1.6,0.0,0.2,,battlja01
313,Zach Collins,27,SAS,C,36,4,425,14.5,.566,.348,.265,9.6,15.4,12.5,17.4,1.6,3.1,13.5,17.1,0.6,0.4,1.1,.122,-1.5,1.4,-0.1,0.2,,colliza01
314,Jericho Sims,26,NYK,C,39,5,422,9.9,.619,.000,.283,14.1,20.7,17.5,6.2,0.9,2.2,28.9,7.5,0.4,0.4,0.8,.096,-3.0,-0.5,-3.4,-0.1,,simsje01
315,Alec Burks,33,MIA,SG,26,0,420,12.3,.604,.750,.232,2.1,11.7,7.0,9.4,1.8,1.1,6.8,13.9,0.5,0.4,1.0,.110,-0.6,0.7,0.1,0.2,,burksal01
316,Joel Embiid,30,PHI,C,14,14,419,25.0,.586,.219,.500,6.9,25.9,15.9,26.3,1.4,3.2,13.5,36.0,0.8,0.4,1.2,.141,4.2,0.1,4.3,0.7,,embiijo01
317,Pat Connaughton,32,MIL,SG,28,0,418,10.6,.546,.551,.159,4.5,14.6,9.7,14.4,0.5,2.0,11.6,13.5,0.4,0.3,0.7,.082,-1.4,-0.6,-2.0,0.0,,connapa01
318,DeAndre Jordan,36,DEN,C,35,2,410,14.6,.624,.000,.341,12.9,28.5,21.1,8.2,1.2,3.7,19.7,12.6,0.5,0.5,1.0,.117,-1.7,0.1,-1.6,0.0,,jordade01
319,Reed Sheppard,20,HOU,PG,35,0,410,8.0,.417,.603,.062,3.3,9.9,6.5,12.6,2.5,2.9,11.8,17.0,-0.4,0.6,0.3,.031,-3.8,1.6,-2.2,0.0,,sheppre01
320,Caleb Houstan,22,ORL,SF,34,5,410,5.4,.476,.867,.092,3.4,6.4,4.8,5.2,0.9,0.7,4.7,11.3,0.0,0.4,0.4,.049,-4.8,-0.9,-5.7,-0.4,,houstca01
321,Aaron Holiday,28,HOU,PG,36,1,409,10.9,.574,.669,.153,1.5,7.5,4.4,14.2,1.5,0.9,11.4,15.0,0.5,0.5,1.0,.116,-1.6,0.4,-1.2,0.1,,holidaa01
322,Delon Wright,32,MIL,PG,26,2,405,7.4,.365,.598,.195,4.1,7.9,6.1,14.5,2.7,2.1,13.6,11.1,-0.3,0.5,0.2,.021,-4.3,1.3,-2.9,-0.1,,wrighde01
323,Zion Williamson,24,NOP,PF,14,14,399,24.8,.555,.046,.487,10.9,19.7,15.2,33.1,1.9,4.0,13.2,35.2,0.5,0.3,0.8,.096,3.4,0.0,3.4,0.5,,willizi01
324,Tosan Evbuomwan,23,BRK,SF,16,0,396,10.7,.559,.317,.310,5.1,14.5,9.6,10.9,1.5,1.0,17.3,19.3,-0.1,0.3,0.2,.020,-3.3,-0.7,-4.0,-0.2,,evbuoto01
325,Pelle Larsson,23,MIA,SG,31,1,390,9.2,.556,.479,.323,3.7,8.8,6.3,10.5,1.8,0.5,9.9,13.8,0.3,0.3,0.6,.077,-4.5,0.1,-4.4,-0.2,,larsspe01
326,Olivier-Maxence Prosper,22,DAL,PF,40,2,389,13.4,.488,.331,.463,10.2,16.3,13.3,9.3,2.0,1.1,8.2,17.4,0.3,0.4,0.7,.083,-1.1,-0.8,-1.9,0.0,,prospol01
327,Ryan Rollins,22,MIL,PG,32,6,386,12.4,.573,.431,.169,3.2,9.7,6.5,13.1,2.9,2.9,17.2,19.0,0.0,0.5,0.5,.062,-3.0,1.3,-1.8,0.0,,rolliry01
328,Keaton Wallace,25,ATL,PG,22,3,386,9.9,.538,.517,.095,1.3,8.3,4.7,18.1,2.6,1.4,17.7,15.5,0.0,0.3,0.3,.037,-3.5,1.1,-2.4,0.0,,wallake01
329,Larry Nance Jr.,32,ATL,PF,20,3,385,16.7,.633,.496,.078,5.4,20.2,12.6,11.5,2.3,2.9,8.9,15.5,0.7,0.5,1.1,.140,1.3,0.8,2.1,0.4,,nancela02
330,Marcus Smart,30,MEM,PG,18,6,382,12.3,.523,.613,.254,4.0,7.6,5.8,22.3,2.8,1.4,17.7,20.0,0.2,0.5,0.7,.083,-0.8,0.7,-0.1,0.2,,smartma01
331,Jabari Walker,22,POR,SF,37,1,375,11.0,.507,.321,.245,8.4,22.2,15.2,6.4,2.5,1.2,14.6,15.4,-0.1,0.5,0.4,.050,-3.7,0.2,-3.4,-0.1,,walkeja01
332,Reggie Jackson,34,PHI,PG,30,1,372,9.1,.474,.558,.070,2.4,10.9,6.5,17.4,2.0,0.8,11.3,17.8,-0.2,0.2,0.1,.010,-3.5,-0.9,-4.4,-0.2,,jacksre01
333,Jordan Miller,25,LAC,SF,29,0,370,11.3,.505,.286,.262,6.7,8.9,7.8,12.1,2.0,1.3,13.5,19.0,0.0,0.5,0.4,.057,-2.4,0.0,-2.4,0.0,,millejo02
334,Gary Harris,30,ORL,SG,23,2,370,7.3,.539,.775,.100,3.2,5.0,4.1,3.9,2.0,1.6,11.6,11.1,0.0,0.5,0.4,.057,-3.5,0.8,-2.6,-0.1,,harriga01
335,Adem Bona,21,PHI,C,34,1,366,11.7,.692,.000,.784,10.4,20.9,15.4,4.2,0.8,7.3,25.1,11.1,0.3,0.4,0.7,.096,-4.9,0.3,-4.6,-0.2,,bonaad01
336,John Konchar,28,MEM,SG,26,3,366,11.2,.540,.692,.092,7.7,21.8,14.9,9.1,1.8,2.7,12.9,8.4,0.4,0.6,1.0,.127,-1.0,1.9,0.9,0.3,,konchjo01
337,Jared Butler,24,WAS,PG,32,0,362,17.9,.562,.233,.256,3.9,7.9,5.9,38.9,1.6,1.3,12.9,25.8,0.5,0.0,0.6,.076,2.2,-1.3,0.8,0.3,,butleja02
338,Kelly Olynyk,33,TOR,C,23,1,358,15.5,.648,.355,.383,6.7,18.5,12.6,21.1,2.0,2.1,21.9,18.9,0.4,0.4,0.8,.108,-0.3,1.0,0.7,0.2,,olynyke01
339,Jae'Sean Tate,29,HOU,SF,31,2,354,12.9,.562,.221,.389,8.5,11.5,9.9,10.0,2.6,0.5,10.5,14.4,0.5,0.5,1.1,.144,-2.6,1.6,-1.0,0.1,,tateja01
340,Jaylin Williams,22,OKC,PF,21,5,354,16.0,.559,.685,.054,8.2,25.2,16.9,18.1,1.4,4.0,11.7,15.4,0.6,0.8,1.4,.193,1.1,2.6,3.7,0.5,,willija07
341,Mo Bamba,26,LAC,C,28,2,352,14.5,.561,.485,.243,8.3,29.4,19.0,6.5,1.3,7.9,14.3,16.3,0.1,0.8,0.9,.127,-2.6,2.3,-0.4,0.2,,bambamo01
342,Micah Potter,26,UTA,C,20,8,351,8.5,.558,.785,.108,7.0,17.0,12.0,5.7,0.7,2.4,15.0,9.6,0.2,0.1,0.3,.042,-2.4,-0.5,-2.9,-0.1,,pottemi01
343,Charles Bassey,24,SAS,C,32,1,346,19.5,.590,.000,.300,17.0,27.3,22.2,6.1,1.7,7.3,15.0,18.0,0.4,0.6,1.0,.145,-1.7,0.5,-1.2,0.1,,bassech01
344,David Roddy,23,ATL,PF,27,3,346,11.9,.594,.462,.237,3.3,18.9,10.9,11.6,1.6,2.1,16.3,14.5,0.2,0.3,0.5,.070,-1.8,0.4,-1.4,0.0,,roddyda01
345,Svi Mykhailiuk,27,UTA,SF,18,8,340,11.7,.562,.714,.091,2.6,10.5,6.6,13.9,1.9,1.4,16.2,23.6,-0.1,0.1,0.0,-0.001,-0.6,-1.5,-2.1,0.0,,mykhasv01
346,Bruce Brown,28,TOR,PG,17,0,335,12.6,.534,.270,.221,5.2,16.1,10.7,11.4,2.3,0.9,12.4,19.3,0.1,0.3,0.4,.052,-2.5,0.0,-2.5,0.0,,brownbr01
347,Trevelin Queen,27,ORL,SG,21,2,332,10.2,.491,.529,.108,5.2,6.7,5.9,13.8,3.3,2.3,15.1,16.5,-0.2,0.6,0.4,.058,-3.5,2.2,-1.3,0.1,,queentr01
348,Ousmane Dieng,21,OKC,C,28,0,322,11.0,.500,.570,.160,5.0,17.3,11.2,10.6,2.1,1.9,11.6,16.0,0.0,0.7,0.7,.103,-2.6,1.3,-1.3,0.1,,diengou01
349,Tre Mann,23,CHO,PG,13,0,319,13.6,.537,.373,.130,3.9,9.0,6.4,21.1,1.1,1.2,12.8,25.8,0.1,0.2,0.3,.040,-0.5,-1.9,-2.4,0.0,,manntr01
350,Robert Williams,27,POR,C,18,3,318,18.9,.676,.044,.250,11.2,26.2,18.6,9.0,1.7,9.0,18.4,12.3,0.6,0.5,1.1,.162,-0.2,2.8,2.6,0.4,,williro04
351,Gui Santos,22,GSW,PF,25,1,315,12.0,.614,.635,.230,8.7,13.8,11.2,13.0,1.4,0.9,16.4,13.0,0.4,0.3,0.7,.112,-1.6,-0.2,-1.8,0.0,,santogu01
352,Immanuel Quickley,25,TOR,PG,12,12,310,16.6,.554,.469,.276,0.7,8.2,4.4,32.2,1.1,0.6,9.5,24.5,0.6,0.1,0.7,.110,2.4,-2.7,-0.3,0.1,,quickim01
353,KJ Simpson,22,CHO,PG,17,0,295,6.8,.375,.435,.278,7.0,7.5,7.3,18.0,2.0,1.3,12.9,19.9,-0.5,0.2,-0.2,-0.040,-5.8,-0.6,-6.5,-0.3,,simpskj01
354,Aaron Nesmith,25,IND,SF,14,8,294,12.3,.654,.425,.313,2.7,15.0,8.9,7.2,1.5,1.3,10.8,15.0,0.4,0.2,0.7,.109,-1.6,-0.4,-2.0,0.0,,nesmiaa01
355,Kawhi Leonard,33,LAC,SF,12,12,291,17.6,.539,.311,.138,3.1,17.8,10.5,17.4,1.9,2.1,10.1,29.3,0.0,0.5,0.5,.075,0.4,-0.3,0.1,0.2,,leonaka01
356,Blake Wesley,21,SAS,SG,31,0,287,11.0,.526,.256,.280,2.2,6.1,4.2,29.2,2.4,0.9,23.3,17.8,-0.1,0.2,0.1,.024,-3.2,-0.4,-3.6,-0.1,,weslebl01
357,Malaki Branham,21,SAS,SG,30,0,287,9.2,.558,.469,.177,1.1,10.8,6.1,13.4,1.2,0.6,18.7,22.2,-0.3,0.2,-0.1,-0.021,-2.9,-1.8,-4.7,-0.2,,branhma01
358,Rob Dillingham,20,MIN,PG,25,0,285,12.7,.585,.400,.058,1.6,8.8,5.3,34.3,1.2,0.0,22.1,24.2,0.0,0.3,0.3,.047,-1.0,-1.8,-2.8,-0.1,,dilliro01
359,Jaylon Tyson,22,CLE,SG,31,2,281,10.9,.525,.407,.185,8.4,16.6,12.6,11.4,1.2,0.6,12.0,15.2,0.3,0.3,0.6,.097,-2.7,-0.4,-3.1,-0.1,,tysonja01
360,Rayan Rupert,20,POR,SG,35,0,276,8.6,.506,.449,.231,7.8,8.0,7.9,8.1,1.4,0.7,15.7,15.6,0.0,0.1,0.1,.011,-2.7,-1.6,-4.3,-0.2,,ruperra01
361,Paul Reed,25,DET,C,27,0,272,20.6,.624,.207,.305,8.2,17.5,12.9,14.2,5.2,4.9,12.3,16.6,0.6,0.6,1.2,.210,0.3,4.9,5.2,0.5,,reedpa01
362,Dru Smith,27,MIA,SG,14,1,268,13.3,.656,.492,.197,5.0,9.6,7.3,12.2,3.9,2.1,20.4,13.7,0.2,0.4,0.6,.115,-1.3,3.3,1.9,0.3,,smithdr01
363,Jordan Walsh,20,BOS,PF,34,1,267,6.5,.462,.704,.185,4.8,10.2,7.5,4.3,1.5,2.7,12.0,10.8,-0.1,0.3,0.2,.042,-4.2,0.3,-3.9,-0.1,,walshjo01
364,Dillon Jones,23,OKC,SF,29,0,267,6.5,.398,.559,.206,7.7,16.5,12.2,11.7,0.9,1.1,13.9,13.7,-0.2,0.5,0.3,.048,-4.9,-0.4,-5.3,-0.2,,jonesdi01
365,Patty Mills,36,2TM,PG,18,0,267,6.1,.456,.759,.063,1.2,7.3,4.3,11.3,2.4,1.1,16.5,15.3,-0.3,0.1,-0.2,-0.039,-4.7,-0.1,-4.8,-0.2,,millspa02
365,Patty Mills,36,UTA,PG,17,0,260,6.4,.473,.750,.066,1.3,7.5,4.4,11.1,2.2,1.1,17.0,15.2,-0.3,0.1,-0.2,-0.033,-4.4,-0.1,-4.5,-0.2,,millspa02
365,Patty Mills,36,LAC,PG,1,0,7,-4.6,.000,1.000,.000,0.0,0.0,0.0,17.0,7.0,0.0,0.0,18.5,-0.1,0.0,0.0,-0.275,-14.9,-1.0,-15.9,0.0,,millspa02
366,DaQuan Jeffries,27,CHO,SG,16,0,266,11.2,.579,.580,.116,4.7,12.5,8.5,7.7,2.0,2.2,8.8,12.6,0.3,0.3,0.6,.101,-2.6,0.9,-1.7,0.0,,jeffrda01
367,Chet Holmgren,22,OKC,C,10,10,265,22.4,.619,.333,.441,6.5,28.2,17.5,10.8,1.5,10.0,14.8,24.9,0.4,0.7,1.1,.200,2.2,3.7,5.9,0.5,,holmgch01
368,Trendon Watford,24,BRK,PF,16,0,261,10.6,.537,.304,.363,3.0,18.9,10.6,12.6,1.3,1.5,15.1,23.5,-0.2,0.2,0.1,.012,-5.0,-0.9,-5.9,-0.3,,watfotr01
369,Doug McDermott,33,SAC,SF,31,3,260,8.5,.608,.847,.059,0.8,6.3,3.6,2.0,0.7,0.4,5.4,15.1,0.2,0.1,0.3,.053,-2.0,-2.4,-4.4,-0.2,,mcderdo01
370,Sandro Mamukelashvili,25,SAS,PF,31,0,258,20.6,.703,.587,.293,8.3,22.1,15.3,9.0,1.3,2.7,11.1,19.3,0.6,0.3,0.9,.175,3.7,0.1,3.9,0.4,,mamuksa01
371,Alex Len,31,SAC,C,35,3,255,13.3,.557,.146,.317,10.8,16.8,13.8,14.6,1.5,6.8,19.1,9.6,0.3,0.3,0.7,.124,-2.0,2.4,0.4,0.2,,lenal01
372,Hunter Tyson,24,DEN,PF,34,0,255,7.6,.512,.610,.322,5.0,16.9,11.2,6.0,0.9,1.7,11.8,12.7,0.1,0.2,0.2,.046,-4.3,-1.3,-5.6,-0.2,,tysonhu01
373,Jeff Dowtin,27,PHI,PG,23,0,255,11.3,.469,.288,.213,1.3,11.6,6.2,18.9,1.6,1.6,3.3,15.7,0.2,0.1,0.3,.056,-2.1,-0.1,-2.2,0.0,,dowtije01
374,Quenton Jackson,26,IND,PG,18,7,254,13.3,.598,.316,.276,4.5,7.4,5.9,16.4,1.7,1.8,11.4,16.4,0.4,0.2,0.6,.105,-1.7,-0.5,-2.2,0.0,,jacksqu01
375,Dwight Powell,33,DAL,C,33,0,251,14.7,.785,.056,1.667,9.7,15.5,12.7,11.2,2.3,5.3,18.3,6.5,0.6,0.4,1.0,.189,-0.7,3.4,2.7,0.3,,poweldw01
376,Johnny Davis,22,WAS,SG,33,0,240,10.3,.473,.372,.192,4.2,12.3,8.2,6.7,3.0,2.3,7.6,15.9,-0.1,0.2,0.0,.007,-3.5,0.6,-2.9,-0.1,,davisjo06
377,Jamal Cain,25,NOP,SF,19,0,235,11.1,.554,.534,.276,7.1,14.3,10.6,5.9,1.9,2.8,11.0,13.1,0.2,0.1,0.3,.055,-2.5,-0.1,-2.6,0.0,,cainja01
378,Craig Porter Jr.,24,CLE,PG,29,0,234,12.6,.679,.294,.157,1.9,9.5,5.8,15.9,1.2,3.9,21.6,12.7,0.3,0.3,0.5,.110,-0.2,1.1,1.0,0.2,,portecr01
379,Jock Landale,29,HOU,C,24,0,234,13.9,.491,.118,.382,13.7,16.9,15.3,12.1,1.0,3.1,12.2,15.9,0.2,0.3,0.6,.115,-1.0,0.4,-0.5,0.1,,landajo01
380,Johnny Furphy,20,IND,SG,32,0,233,8.3,.526,.582,.164,6.4,9.4,7.9,4.8,1.9,2.4,13.2,12.6,0.0,0.2,0.2,.042,-3.0,-0.5,-3.4,-0.1,,furphjo01
381,Christian Koloko,24,LAL,C,27,0,233,12.9,.645,.050,.150,13.0,15.1,14.1,6.9,1.5,3.1,14.1,9.4,0.4,0.2,0.7,.138,-2.4,0.2,-2.2,0.0,,kolokch01
382,Bones Hyland,24,LAC,PG,20,0,222,16.6,.569,.696,.226,2.5,9.4,6.0,19.8,4.0,1.8,16.0,29.3,0.0,0.4,0.4,.096,1.4,1.7,3.1,0.3,,hylanbo01
383,Cory Joseph,33,ORL,PG,29,0,220,8.2,.477,.678,.068,3.0,9.6,6.1,16.0,2.5,1.3,15.3,14.2,-0.1,0.3,0.2,.047,-4.3,1.2,-3.1,-0.1,,josepco01
384,Wendell Moore Jr.,23,DET,SG,20,1,219,12.6,.561,.280,.280,5.6,16.7,11.2,13.8,2.2,1.3,13.8,12.6,0.2,0.3,0.5,.111,-1.9,1.5,-0.4,0.1,,moorewe01
385,Taj Gibson,39,CHO,C,20,11,216,10.0,.468,.043,.261,13.9,20.0,16.9,7.2,1.4,4.1,20.2,12.6,-0.1,0.3,0.2,.047,-5.3,0.3,-5.0,-0.2,,gibsota01
386,Josh Minott,22,MIN,SF,30,0,215,13.1,.549,.426,.162,3.7,12.7,8.3,8.9,2.8,4.4,8.8,16.2,0.1,0.4,0.5,.115,-2.7,2.9,0.2,0.1,,minotjo01
387,Isaiah Wong,24,CHO,SG,17,0,209,10.2,.464,.325,.386,7.0,8.5,7.7,17.4,2.1,0.0,13.4,22.6,-0.1,0.2,0.0,.008,-3.5,-1.0,-4.5,-0.1,,wongis01
388,Trey Jemison,25,2TM,C,21,0,207,8.9,.450,.000,.641,12.7,19.4,16.1,7.1,1.9,4.5,20.6,12.9,-0.1,0.2,0.0,.009,-6.7,-0.1,-6.8,-0.3,,jemistr01
388,Trey Jemison,25,NOP,C,16,0,166,9.5,.461,.000,.656,13.8,14.9,14.3,8.1,2.0,3.4,19.5,13.0,-0.1,0.1,0.0,.012,-5.8,-0.5,-6.2,-0.2,,jemistr01
388,Trey Jemison,25,LAL,C,5,0,41,6.5,.400,.000,.571,8.5,37.7,23.5,3.1,1.2,8.9,25.5,12.7,-0.1,0.1,0.0,-0.001,-10.6,1.4,-9.1,-0.1,,jemistr01
389,Kai Jones,24,LAC,C,27,0,205,14.3,.732,.057,.343,8.2,16.1,12.2,6.8,1.4,6.3,19.9,10.6,0.3,0.4,0.7,.159,-2.1,2.6,0.4,0.1,,joneska01
390,Isaac Jones,24,SAC,PF,24,0,204,13.4,.669,.074,.463,5.9,12.4,9.2,4.1,0.7,3.8,14.5,15.9,0.2,0.2,0.4,.092,-2.4,-0.7,-3.0,-0.1,,jonesis01
391,Reece Beekman,23,2TM,PG,19,0,203,8.5,.431,.354,.146,2.7,5.9,4.3,20.8,2.9,1.0,15.0,13.0,-0.1,0.2,0.1,.017,-4.8,1.2,-3.6,-0.1,,beekmre01
391,Reece Beekman,23,GSW,PG,2,0,4,42.7,1.000,.000,.000,25.5,0.0,13.2,42.1,12.1,0.0,0.0,10.5,0.0,0.0,0.0,.593,9.9,15.9,25.8,0.0,,beekmre01
391,Reece Beekman,23,BRK,PG,17,0,199,7.8,.419,.362,.149,2.2,6.0,4.1,20.4,2.8,1.0,15.2,13.1,-0.1,0.2,0.0,.006,-5.1,0.9,-4.2,-0.1,,beekmre01
392,Anthony Gill,32,WAS,PF,35,0,200,9.3,.589,.333,.667,3.1,12.2,7.5,4.9,1.4,0.5,9.9,12.6,0.1,0.0,0.2,.040,-3.5,-1.1,-4.6,-0.1,,gillan01
393,Tristan Thompson,33,CLE,C,25,0,200,8.1,.401,.068,.500,10.1,30.3,20.4,10.1,0.2,3.2,15.7,13.6,-0.1,0.3,0.1,.035,-5.6,0.0,-5.6,-0.2,,thomptr01
394,Kevin Love,36,MIA,PF,18,6,200,16.6,.484,.586,.192,9.4,31.1,20.4,14.8,3.5,0.9,10.8,26.6,-0.1,0.4,0.3,.069,-0.3,0.6,0.4,0.1,,loveke01
395,Landry Shamet,27,NYK,SG,19,0,197,6.3,.484,.596,.077,3.0,5.7,4.4,5.0,2.0,0.9,11.5,13.4,-0.1,0.1,0.0,.007,-4.0,-0.2,-4.1,-0.1,,shamela01
396,Dario Šarić,30,DEN,C,13,4,192,7.2,.420,.444,.185,7.8,18.6,13.5,13.6,1.7,0.5,19.3,16.0,-0.2,0.2,0.0,-0.010,-4.7,-0.3,-5.1,-0.1,,saricda01
397,Jordan McLaughlin,28,SAC,PG,28,0,190,9.3,.519,.591,.364,2.3,9.8,6.1,15.6,2.8,0.0,17.7,13.9,0.0,0.2,0.2,.047,-3.8,0.2,-3.6,-0.1,,mclaujo01
398,Xavier Tillman Sr.,26,BOS,C,26,1,190,3.1,.306,.550,.050,4.5,16.0,10.3,4.6,2.1,2.4,18.0,11.4,-0.4,0.3,-0.1,-0.034,-7.5,0.3,-7.1,-0.2,,tillmxa01
399,Kessler Edwards,24,DAL,SF,21,2,179,6.0,.421,.567,.067,2.5,18.2,10.5,6.8,1.6,2.5,11.5,8.3,-0.1,0.2,0.1,.036,-4.7,1.0,-3.7,-0.1,,edwarke02
400,Zeke Nnaji,24,DEN,PF,29,1,175,7.3,.509,.319,.149,3.3,9.6,6.6,2.8,0.5,4.5,9.1,13.3,-0.1,0.1,0.0,.014,-5.0,-1.3,-6.3,-0.2,,nnajize01
401,Antonio Reeves,24,NOP,SG,19,0,171,12.1,.515,.506,.104,3.6,7.9,5.7,9.9,1.7,0.0,5.8,21.1,0.1,0.0,0.1,.018,-0.8,-2.4,-3.2,-0.1,,reevean01
402,Jaylen Nowell,25,NOP,SG,8,0,168,7.7,.430,.370,.151,3.7,9.4,6.4,15.7,0.3,2.2,9.3,21.5,-0.2,0.0,-0.2,-0.066,-3.1,-2.6,-5.7,-0.2,,nowelja01
403,Marvin Bagley III,25,WAS,C,19,1,166,20.0,.573,.141,.324,16.6,18.5,17.5,7.2,2.0,2.7,11.9,23.1,0.2,0.1,0.3,.086,1.0,-2.1,-1.0,0.0,,baglema01
404,Jalen Pickett,25,DEN,SG,20,0,164,11.2,.549,.522,.022,2.8,8.3,5.7,22.5,1.2,0.5,13.1,13.8,0.2,0.1,0.3,.082,-0.9,-1.3,-2.2,0.0,,pickeja02
405,Kobe Brown,25,LAC,PF,20,0,159,13.5,.543,.340,.085,10.6,20.8,15.7,12.7,0.9,1.3,11.0,14.9,0.2,0.2,0.4,.124,-0.7,0.1,-0.6,0.1,,brownko01
406,Jevon Carter,29,CHI,PG,23,0,150,13.8,.567,.716,.119,1.4,12.3,6.9,14.2,1.9,0.6,9.0,21.6,0.1,0.1,0.2,.061,0.0,-1.4,-1.4,0.0,,carteje01
407,Josh Richardson,31,MIA,SG,8,0,150,4.4,.402,.579,.105,4.4,4.3,4.4,10.7,2.6,0.6,16.8,14.1,-0.2,0.1,-0.1,-0.025,-7.3,0.3,-6.9,-0.2,,richajo01
408,Ariel Hukporti,22,NYK,C,19,0,149,9.5,.684,.000,.550,5.5,21.1,13.4,6.6,0.0,7.5,30.7,10.4,0.0,0.2,0.2,.059,-4.5,1.3,-3.3,0.0,,hukpoar01
409,Quinten Post,24,GSW,PF,11,3,148,15.0,.575,.635,.111,6.2,19.1,12.5,18.4,0.7,1.9,9.6,20.8,0.2,0.2,0.4,.130,0.8,0.4,1.1,0.1,,postqu01
410,Bruno Fernando,26,TOR,C,17,2,147,15.5,.552,.000,.163,15.7,22.5,19.1,17.6,1.3,5.9,21.0,19.1,0.1,0.2,0.2,.078,-2.6,1.9,-0.7,0.0,,fernabr01
411,Tyler Kolek,23,NYK,PG,28,0,146,11.1,.534,.596,.128,1.6,10.0,5.9,19.1,2.4,0.6,15.3,17.4,0.1,0.1,0.2,.069,-2.5,0.0,-2.5,0.0,,kolekty01
412,Jeff Green,38,HOU,PF,14,2,145,11.3,.663,.615,.231,1.4,12.1,6.6,2.9,1.0,0.6,8.5,13.3,0.2,0.2,0.4,.132,-2.2,-0.5,-2.8,0.0,,greenje02
413,Elfrid Payton,30,NOP,PG,7,3,144,14.8,.501,.022,.043,3.6,14.8,9.0,49.3,3.4,1.9,29.9,19.6,-0.1,0.1,0.0,.011,-2.2,0.2,-2.1,0.0,,paytoel01
414,Jaden Springer,22,BOS,SG,26,0,141,12.0,.520,.559,.618,3.1,15.4,9.2,9.2,4.2,0.6,8.5,14.6,0.1,0.3,0.4,.131,-4.3,3.8,-0.4,0.1,,sprinja01
415,Enrique Freeman,24,IND,PF,19,1,139,6.1,.521,.240,.520,4.9,10.3,7.6,7.1,0.7,1.3,14.0,11.1,0.0,0.1,0.1,.027,-5.2,-1.6,-6.7,-0.2,,freemen01
416,Devin Carter,22,SAC,PG,14,0,139,8.5,.416,.519,.259,4.7,23.7,14.2,15.8,0.7,2.1,10.4,20.6,-0.2,0.1,0.0,-0.007,-4.6,-1.3,-5.9,-0.1,,cartede02
417,Richaun Holmes,31,WAS,PF,12,0,138,16.1,.605,.059,.324,12.6,23.7,18.0,9.6,0.7,4.0,11.4,13.2,0.3,0.1,0.3,.118,-1.0,-0.1,-1.0,0.0,,holmeri01
418,GG Jackson II,20,MEM,PF,8,0,138,9.7,.477,.521,.141,5.5,16.5,11.1,6.7,1.7,1.3,12.7,24.9,-0.2,0.2,0.0,-0.002,-4.1,-2.4,-6.5,-0.2,,jacksgg01
419,Elijah Harkless,24,UTA,SG,9,0,135,8.3,.425,.714,.171,7.4,9.6,8.5,8.0,3.6,0.7,7.4,12.6,0.0,0.1,0.1,.031,-5.0,1.4,-3.6,0.0,,harklej01
420,Duop Reath,28,POR,C,25,0,133,10.1,.524,.700,.200,7.3,10.8,9.1,6.5,0.0,1.4,6.8,18.5,0.1,0.0,0.1,.052,-1.3,-2.8,-4.0,-0.1,,reathdu01
421,Orlando Robinson,24,2TM,C,15,0,132,9.7,.469,.231,.462,8.3,19.2,13.7,11.8,2.2,2.2,17.6,18.3,-0.1,0.1,0.0,.017,-6.2,0.4,-5.8,-0.1,,robinor01
421,Orlando Robinson,24,SAC,C,9,0,57,12.1,.473,.294,.412,5.8,21.2,13.5,20.5,2.5,1.7,16.6,18.0,0.0,0.1,0.1,.050,-4.1,1.1,-2.9,0.0,,robinor01
421,Orlando Robinson,24,TOR,C,6,0,75,7.8,.466,.182,.500,10.2,17.7,13.9,5.2,1.9,2.6,18.3,18.5,-0.1,0.1,0.0,-0.009,-7.7,-0.2,-8.0,-0.1,,robinor01
422,Kobe Bufkin,21,ATL,SG,10,0,124,10.6,.483,.404,.383,4.2,14.3,9.1,18.9,1.1,1.5,12.7,20.7,0.0,0.1,0.0,.019,-3.5,-0.6,-4.1,-0.1,,bufkiko01
423,Pat Spencer,28,GSW,PG,18,0,123,13.3,.435,.222,.222,7.5,12.4,9.8,31.1,3.2,1.5,16.8,20.3,0.0,0.2,0.1,.050,-1.9,1.9,-0.1,0.1,,spencpa01
424,Colby Jones,22,SAC,SG,23,0,122,7.5,.520,.360,.000,5.4,12.6,9.0,5.1,2.0,4.8,21.9,11.2,-0.1,0.1,0.1,.023,-4.6,0.7,-3.9,-0.1,,jonesco02
425,Cam Spencer,24,MEM,SG,10,0,121,11.4,.589,.533,.300,4.5,10.3,7.4,15.7,1.1,0.8,12.8,12.8,0.2,0.1,0.3,.130,-1.5,0.3,-1.2,0.0,,spencca01
426,De'Anthony Melton,26,GSW,SG,6,2,121,13.5,.539,.648,.148,5.1,12.6,8.7,21.2,2.8,1.6,14.8,23.5,0.0,0.2,0.2,.072,-1.5,0.6,-0.9,0.0,,meltode01
427,MarJon Beauchamp,24,MIL,SF,25,0,120,8.5,.497,.447,.255,5.6,21.6,13.8,9.2,1.2,0.8,19.9,23.7,-0.2,0.1,-0.1,-0.045,-4.8,-2.0,-6.8,-0.1,,beaucma01
428,Brandon Williams,25,DAL,PG,17,0,120,9.7,.514,.375,.325,1.8,9.7,5.8,21.4,1.2,0.0,17.9,19.8,0.0,0.1,0.0,.015,-3.3,-1.4,-4.7,-0.1,,willibr03
429,Karlo Matković,23,NOP,PF,12,0,118,10.5,.461,.217,.087,12.3,20.0,16.0,8.9,2.5,7.1,27.4,11.7,-0.1,0.1,0.0,.020,-5.3,0.7,-4.6,-0.1,,matkoka01
430,Drew Peterson,25,BOS,PF,13,0,117,11.0,.646,.750,.292,4.6,19.5,12.0,9.0,0.8,1.6,15.6,11.9,0.2,0.2,0.3,.128,-1.7,1.4,-0.3,0.1,,peterdr01
431,Torrey Craig,34,CHI,SF,9,1,113,17.3,.663,.778,.089,7.5,15.4,11.5,6.3,0.8,0.8,0.0,17.3,0.3,0.1,0.4,.168,3.4,-1.3,2.0,0.1,,craigto01
432,Patrick Baldwin Jr.,22,WAS,SF,22,0,101,14.6,.676,.636,.121,5.0,17.8,11.3,3.1,1.4,1.8,12.6,16.4,0.1,0.0,0.1,.066,1.3,-1.8,-0.5,0.0,,baldwpa01
433,Branden Carlson,25,OKC,C,15,0,95,18.1,.641,.800,.057,5.7,22.1,14.0,8.5,1.0,6.4,5.3,16.9,0.2,0.2,0.4,.225,2.2,1.3,3.5,0.1,,carlsbr01
434,Luka Garza,26,MIN,C,18,0,94,17.9,.569,.333,.235,12.1,15.1,13.7,3.8,1.1,1.0,8.2,28.5,0.1,0.1,0.2,.105,-2.1,-2.8,-4.9,-0.1,,garzalu01
435,Jae Crowder,34,SAC,PF,7,2,92,6.7,.509,.706,.353,7.2,13.1,10.1,5.3,1.6,0.0,16.9,11.0,0.0,0.1,0.1,.038,-3.9,-0.5,-4.4,-0.1,,crowdja01
436,Dominick Barlow,21,ATL,SF,13,1,88,10.6,.483,.250,.250,3.5,16.4,9.8,4.6,1.6,3.2,0.0,14.4,0.0,0.1,0.1,.062,-3.1,-0.4,-3.5,0.0,,barlodo01
437,Isaiah Jackson,23,IND,C,5,1,84,18.5,.600,.000,.609,14.9,22.3,18.6,8.1,1.7,8.8,14.6,17.6,0.1,0.1,0.3,.149,-1.1,1.5,0.4,0.0,,jacksis01
438,Pacome Dadiet,19,NYK,SG,13,0,83,6.4,.455,.700,.100,0.0,17.6,9.0,7.2,0.6,2.2,4.6,11.4,0.0,0.1,0.1,.036,-3.9,-1.2,-5.1,-0.1,,dadiepa01
439,Bol Bol,25,PHO,PF,13,0,75,15.5,.616,.464,.429,9.2,20.0,14.8,6.2,0.0,2.5,17.4,23.8,0.0,0.0,0.1,.040,-0.3,-3.0,-3.4,0.0,,bolbo01
440,Jaylen Clark,23,MIN,SG,8,0,75,10.9,.507,.435,.261,7.6,8.7,8.2,7.6,2.0,0.0,0.0,14.9,0.1,0.1,0.2,.126,-4.5,0.0,-4.5,0.0,,clarkja02
441,Taylor Hendricks,21,UTA,PF,3,3,75,7.3,.354,.667,.222,7.4,14.5,11.0,3.5,3.2,5.1,9.2,12.2,-0.1,0.1,0.0,-0.001,-4.5,1.3,-3.2,0.0,,hendrta01
442,Chris Duarte,27,CHI,SG,17,0,74,16.6,.610,.577,.308,7.1,20.8,14.1,16.6,0.0,0.0,3.3,17.2,0.2,0.0,0.3,.167,2.2,-1.3,0.9,0.1,,duartch01
443,Adam Flagler,25,OKC,SG,17,0,74,-5.9,.198,.837,.000,4.4,7.1,5.8,0.0,2.6,1.4,2.3,25.3,-0.5,0.1,-0.4,-0.257,-14.1,-4.7,-18.8,-0.3,,flaglad01
444,Jarred Vanderbilt,25,LAL,PF,5,0,74,17.5,.474,.250,.125,17.3,23.8,20.7,10.7,6.6,0.0,10.6,11.3,0.1,0.2,0.3,.180,-0.6,4.3,3.8,0.1,,vandeja01
445,Tyler Smith,20,MIL,PF,14,0,70,17.0,.604,.606,.121,6.3,22.2,14.5,8.9,1.4,4.0,14.7,25.4,0.0,0.1,0.1,.072,1.3,0.1,1.4,0.1,,smithty02
446,Damion Lee,32,PHO,SG,12,0,69,11.9,.465,.528,.306,1.7,14.0,8.0,15.2,2.9,0.0,10.9,29.4,-0.1,0.1,-0.1,-0.035,-3.7,-0.4,-4.1,0.0,,leeda03
447,Pete Nance,24,PHI,C,7,0,68,5.4,.472,.800,.133,3.3,14.5,8.6,6.0,0.7,0.0,0.0,10.3,0.0,0.0,0.1,.038,-4.3,-2.0,-6.3,-0.1,,nancepe01
448,Mouhamed Gueye,22,ATL,PF,5,2,68,9.8,.398,.452,.032,4.6,19.6,11.9,4.2,3.4,2.7,3.1,19.4,-0.1,0.1,0.0,-0.013,-3.9,1.7,-2.2,0.0,,gueyemo02
449,Armel Traoré,22,LAL,SF,9,0,67,3.5,.317,.368,.368,3.5,21.4,12.7,2.0,2.9,2.7,12.0,16.5,-0.2,0.1,-0.1,-0.097,-9.4,-0.6,-10.1,-0.1,,armeltr01
450,Garrett Temple,38,TOR,SG,17,0,66,8.1,.328,.467,.267,3.3,13.4,8.3,20.2,4.4,2.9,19.3,13.3,-0.1,0.1,0.0,-0.001,-5.1,3.5,-1.6,0.0,,templga01
451,Bronny James,20,LAL,SG,16,0,64,0.1,.258,.417,.292,1.8,10.3,6.2,13.8,3.1,2.9,15.6,22.1,-0.3,0.1,-0.3,-0.199,-11.2,-1.0,-12.2,-0.2,,jamesbr02
452,Matt Ryan,27,NYK,SF,17,0,62,5.5,.448,.593,.074,0.0,12.7,6.5,2.1,1.6,0.0,9.7,21.6,-0.1,0.0,-0.1,-0.064,-5.6,-2.6,-8.2,-0.1,,ryanma01
453,Trey Alexander,21,DEN,SG,14,0,62,1.9,.318,.500,.111,0.0,6.8,3.6,11.1,0.8,1.4,5.0,13.6,-0.1,0.0,-0.1,-0.060,-7.0,-1.5,-8.5,-0.1,,alexatr01
454,Stanley Umude,25,MIL,SG,19,0,60,3.2,.276,.550,.200,7.4,17.3,12.5,4.1,2.4,3.1,8.4,17.2,-0.2,0.1,-0.1,-0.094,-8.0,-1.2,-9.2,-0.1,,umudest01
455,Yuki Kawamura,23,MEM,PG,18,0,58,9.9,.508,.714,.286,0.0,12.5,6.4,27.7,0.8,0.0,14.5,19.0,0.0,0.1,0.1,.078,-3.5,-0.7,-4.2,0.0,,kawamyu01
456,Joe Ingles,37,MIN,SF,12,0,58,6.3,.556,.556,.000,3.9,3.8,3.9,29.7,0.9,0.0,35.7,10.5,0.0,0.0,0.1,.054,-4.2,0.1,-4.1,0.0,,inglejo01
457,Jazian Gortman,21,DAL,PG,16,0,57,6.6,.485,.478,.174,1.9,7.4,4.7,14.7,1.7,1.5,16.8,22.2,-0.1,0.0,0.0,-0.040,-5.3,-0.9,-6.2,-0.1,,gortmja01
458,Liam Robbins,25,MIL,C,13,0,57,2.7,.363,.250,1.250,13.6,9.1,11.3,4.2,1.7,3.3,32.6,14.1,-0.1,0.1,-0.1,-0.068,-9.4,-1.5,-10.8,-0.1,,robbili01
459,Keshad Johnson,23,MIA,SF,10,0,57,11.2,.546,.333,.500,3.9,28.2,16.2,7.6,0.9,6.7,17.0,13.7,0.0,0.1,0.1,.052,-4.0,0.6,-3.4,0.0,,johnske10
460,Dariq Whitehead,20,BRK,SF,8,0,56,18.1,.684,.840,.120,2.0,8.6,5.2,3.2,2.7,1.8,10.2,23.1,0.0,0.0,0.1,.082,5.9,0.3,6.2,0.1,,whiteda01
461,Chris Livingston,21,MIL,SF,11,1,55,8.9,.448,.308,.462,12.1,24.5,18.5,2.3,3.5,0.0,24.2,16.3,-0.1,0.1,0.0,.000,-5.7,-0.5,-6.3,-0.1,,livinch01
462,Dante Exum,29,DAL,PG,3,2,55,14.3,.525,.231,.308,2.0,7.7,4.9,22.2,2.6,0.0,11.9,25.9,0.0,0.0,0.1,.054,-3.1,-0.4,-3.5,0.0,,exumda01
463,Sidy Cissoko,20,SAS,SF,17,0,54,11.3,.533,.389,.333,5.9,13.4,9.8,16.3,0.9,0.0,8.8,17.9,0.0,0.0,0.1,.052,-1.7,-1.0,-2.7,0.0,,cissosi01
464,Baylor Scheierman,24,BOS,SG,9,0,54,3.0,.252,.706,.118,4.0,22.2,13.0,9.3,1.8,0.0,0.0,14.4,-0.1,0.1,0.0,-0.030,-9.0,0.1,-8.9,-0.1,,scheiba01
465,Kylor Kelley,27,DAL,C,4,1,54,16.9,.773,.000,.667,14.3,21.5,18.0,2.5,0.0,3.3,7.9,10.0,0.2,0.0,0.2,.200,-1.3,-2.2,-3.5,0.0,,kelleky01
466,Alex Ducas,24,OKC,SG,11,0,51,11.1,.588,.765,.000,6.4,14.4,10.4,2.5,0.9,0.0,5.6,15.0,0.1,0.1,0.1,.131,-0.6,-0.7,-1.3,0.0,,ducasal01
467,Jacob Toppin,24,NYK,SF,16,0,49,4.5,.300,.200,.000,4.8,20.6,12.8,9.6,2.0,0.0,16.7,10.6,-0.1,0.1,0.0,-0.024,-6.1,0.1,-6.0,0.0,,toppija01
468,Colin Castleton,24,MEM,C,10,0,46,7.3,.472,.400,1.100,7.1,13.5,10.4,0.0,1.0,2.0,6.3,13.7,0.0,0.1,0.1,.080,-6.0,-1.1,-7.1,-0.1,,castlco01
469,Moses Brown,25,IND,C,9,0,46,16.3,.653,.000,.250,9.9,21.5,15.8,0.0,2.1,2.0,21.3,26.6,0.0,0.1,0.0,.018,-3.9,-1.7,-5.6,0.0,,brownmo01
470,Oscar Tshiebwe,25,UTA,C,3,0,46,16.9,.735,.000,1.333,12.1,35.4,23.9,0.0,4.2,0.0,9.5,9.6,0.1,0.1,0.2,.208,-3.5,0.1,-3.4,0.0,,tshieos01
471,Terrence Shannon Jr.,24,MIN,SG,10,0,45,10.6,.577,.231,.000,0.0,4.9,2.5,16.6,2.2,2.1,18.8,15.5,0.0,0.1,0.0,.050,-3.5,1.0,-2.5,0.0,,shannte01
472,Vince Williams Jr.,24,MEM,SG,3,0,45,3.8,.385,.421,.211,9.6,16.1,12.9,25.2,0.0,4.1,25.2,24.5,-0.2,0.0,-0.1,-0.110,-7.0,-0.1,-7.1,-0.1,,willivi01
473,AJ Johnson,20,MIL,SG,7,0,44,10.8,.503,.263,.105,0.0,16.5,8.5,23.1,1.1,0.0,16.8,23.6,-0.1,0.0,0.0,-0.021,-3.2,-2.2,-5.3,0.0,,johnsaj01
474,JT Thor,22,CLE,PF,9,0,42,19.2,.756,.400,.533,8.0,7.6,7.8,3.3,2.3,6.4,24.5,25.0,0.1,0.1,0.1,.133,-1.0,1.1,0.1,0.0,,thorjt01
475,Tristan Vukcevic,21,WAS,C,9,0,42,13.4,.517,.524,.238,9.7,10.1,9.9,15.8,0.0,2.2,11.5,26.0,0.0,0.0,0.0,-0.007,-0.5,-2.1,-2.6,0.0,,vukcetr01
476,Luke Travers,23,CLE,SG,6,0,42,7.9,.508,.429,.286,2.7,12.6,7.8,13.8,1.1,2.1,20.2,10.1,0.0,0.0,0.1,.065,-5.1,-0.5,-5.6,0.0,,travelu01
477,Markieff Morris,35,DAL,PF,7,0,41,0.0,.273,.591,.000,0.0,20.6,10.5,13.0,1.2,2.1,8.3,24.9,-0.2,0.0,-0.2,-0.205,-10.1,-3.1,-13.2,-0.1,,morrima02
478,PJ Dozier,28,MIN,SG,9,0,35,9.6,.621,1.000,2.000,3.3,12.5,8.0,18.6,1.4,0.0,15.1,8.3,0.0,0.0,0.1,.109,-2.1,2.5,0.3,0.0,,doziepj01
479,Vlatko Čančar,27,DEN,PF,4,0,34,7.7,.643,.286,.000,10.2,15.5,13.0,0.0,0.0,2.6,22.2,11.2,0.0,0.0,0.0,.033,-5.2,-1.8,-6.9,0.0,,cancavl01
480,D.J. Carton,24,TOR,SG,4,0,33,-2.6,.202,.429,.143,0.0,13.4,6.7,10.8,2.9,0.0,35.0,14.6,-0.2,0.0,-0.1,-0.213,-10.0,-1.0,-10.9,-0.1,,cartodj01
481,Daeqwon Plowden,26,ATL,SG,2,0,33,24.5,1.103,.800,.200,9.5,6.7,8.1,0.0,0.0,0.0,8.4,14.7,0.1,0.0,0.2,.220,7.3,1.2,8.4,0.1,,plowdda01
482,James Johnson,37,IND,PF,10,0,32,2.4,.424,.333,.111,0.0,17.2,8.7,16.2,0.0,5.8,29.8,18.2,-0.1,0.0,-0.1,-0.136,-8.2,0.3,-7.9,0.0,,johnsja01
483,E.J. Liddell,24,CHI,PF,6,0,31,15.4,.845,.750,.250,3.4,13.2,8.4,13.2,1.5,2.8,18.4,14.7,0.1,0.0,0.1,.174,-0.1,0.7,0.6,0.0,,liddeej01
484,Maxwell Lewis,22,2TM,SF,8,0,30,6.1,.500,.143,.000,7.8,0.0,3.8,8.5,1.6,0.0,22.2,13.2,0.0,0.0,0.0,-0.001,-3.9,-2.7,-6.6,0.0,,lewisma05
484,Maxwell Lewis,22,LAL,SF,7,0,29,2.2,.333,.000,.000,8.0,0.0,3.9,8.8,1.7,0.0,25.0,12.2,-0.1,0.0,-0.1,-0.086,-6.5,-3.1,-9.7,-0.1,,lewisma05
484,Maxwell Lewis,22,BRK,SF,1,0,1,118.5,1.500,1.000,.000,0.0,0.0,0.0,0.0,0.0,0.0,0.0,44.0,0.1,0.0,0.1,2.480,72.7,10.8,83.5,0.0,,lewisma05
485,Cam Christie,19,LAC,SG,5,0,29,2.8,.304,.667,.222,3.9,19.0,11.5,8.9,3.4,0.0,16.8,17.7,-0.1,0.1,-0.1,-0.087,-7.5,2.2,-5.3,0.0,,chrisca02
486,PJ Hall,22,DEN,C,10,0,28,14.4,.564,.375,.500,8.2,30.1,19.7,9.0,0.0,3.2,9.3,16.3,0.0,0.0,0.1,.122,-3.0,-1.2,-4.3,0.0,,hallpj01
487,Josh Christopher,23,MIA,SG,8,0,28,-0.8,.342,.143,.571,0.0,11.5,5.8,19.1,0.0,3.4,31.3,20.1,-0.1,0.0,-0.1,-0.207,-11.0,-4.4,-15.3,-0.1,,chrisjo01
488,TyTy Washington Jr.,23,PHO,PG,4,0,28,13.5,.667,.500,.000,0.0,3.8,2.0,19.5,3.5,0.0,14.3,11.1,0.0,0.0,0.1,.109,-0.4,1.7,1.4,0.0,,washity02
489,JD Davison,22,BOS,PG,5,0,24,-4.6,.510,.600,.400,0.0,9.1,4.5,5.4,2.1,0.0,50.5,21.5,-0.2,0.0,-0.1,-0.274,-12.4,-2.3,-14.6,-0.1,,davisjd01
490,Bryce McGowens,22,POR,SG,8,0,21,14.4,.674,.286,.857,5.1,0.0,2.6,7.4,2.3,0.0,23.7,25.4,0.0,0.0,0.0,.044,-2.2,-1.0,-3.3,0.0,,mcgowbr01
491,Malevy Leons,25,OKC,SF,6,0,21,-2.3,.266,.500,2.000,5.1,10.0,7.6,5.2,0.0,0.0,21.0,9.6,0.0,0.0,0.0,-0.043,-10.6,-1.8,-12.4,-0.1,,leonsma01
492,Jack McVeigh,28,HOU,PF,6,0,21,4.4,.364,.727,.000,4.9,15.7,10.2,6.6,0.0,4.3,8.3,23.5,-0.1,0.0,0.0,-0.066,-5.1,-2.7,-7.8,0.0,,mcveija01
493,Jeenathan Williams,25,HOU,SG,6,0,21,32.0,.889,.444,.000,0.0,15.7,7.6,8.9,4.6,4.3,10.0,19.6,0.1,0.1,0.1,.310,6.9,6.3,13.2,0.1,,willije02
494,Adama Sanogo,22,CHI,C,4,0,21,15.3,.571,.000,.000,25.2,4.9,14.9,6.8,0.0,0.0,12.5,15.9,0.0,0.0,0.0,.102,0.8,-3.7,-2.9,0.0,,sanogad01
495,Ulrich Chomche,19,TOR,PF,6,0,20,8.6,.644,.000,.667,16.5,16.6,16.5,13.0,0.0,0.0,34.0,12.4,0.0,0.0,0.0,.037,-4.5,-2.2,-6.6,0.0,,chomcul01
496,Mason Jones,26,SAC,SG,4,0,20,18.3,.425,.600,.400,5.5,33.0,19.2,56.9,0.0,0.0,14.5,14.7,0.0,0.0,0.1,.156,2.8,1.3,4.1,0.0,,jonesma05
497,Taze Moore,26,POR,SG,2,0,20,7.2,.276,.400,.200,21.6,22.2,21.9,6.8,4.9,0.0,15.5,27.1,-0.1,0.0,-0.1,-0.162,-3.8,-0.7,-4.5,0.0,,mooreta02
498,Justin Minaya,25,POR,SF,6,0,18,6.3,.000,.000,.000,12.0,6.2,9.1,13.4,2.7,0.0,0.0,2.3,0.0,0.0,0.0,.072,-5.8,0.9,-4.9,0.0,,minayju01
499,Jalen Bridges,23,PHO,SF,4,0,17,-9.1,.129,1.000,.667,0.0,18.9,9.8,0.0,0.0,0.0,34.0,15.3,-0.1,0.0,-0.1,-0.332,-15.0,-5.4,-20.4,-0.1,,bridgja01
500,Lester Quiñones,24,PHI,SG,4,0,17,8.5,.533,.375,.125,19.7,7.2,13.8,10.2,0.0,0.0,32.2,32.3,-0.1,0.0,-0.1,-0.194,-3.5,-6.9,-10.4,0.0,,quinole01
501,Collin Gillespie,25,PHO,PG,5,0,16,20.2,.700,.200,.000,14.3,13.4,13.8,9.6,0.0,5.8,0.0,13.8,0.1,0.0,0.1,.214,4.1,1.7,5.9,0.0,,gilleco01
502,Trentyn Flowers,19,LAC,SF,2,0,16,8.0,.477,.222,.111,7.0,20.7,13.9,0.0,0.0,0.0,9.6,28.2,0.0,0.0,0.0,-0.040,-5.3,-0.6,-5.9,0.0,,flowetr01
503,Leonard Miller,21,MIN,SF,5,0,15,12.3,.415,.429,.857,22.8,36.4,29.8,0.0,3.3,0.0,17.2,33.9,0.0,0.0,0.0,-0.014,-12.4,-4.8,-17.3,-0.1,,millele01
504,A.J. Lawson,24,TOR,SG,4,0,15,19.0,.590,.625,.375,7.3,14.7,11.0,0.0,0.0,0.0,0.0,26.2,0.0,0.0,0.0,.079,4.9,-4.1,0.8,0.0,,lawsoaj01
505,Emoni Bates,21,CLE,SF,4,0,14,-8.9,.000,.800,.000,0.0,0.0,0.0,15.3,0.0,0.0,0.0,15.3,-0.1,0.0,-0.1,-0.289,-12.4,-4.8,-17.2,-0.1,,batesem01
506,Jalen Hood-Schifino,21,LAL,SG,2,0,14,11.6,1.064,.000,2.000,8.3,0.0,4.0,9.1,0.0,6.5,34.7,9.1,0.0,0.0,0.0,.155,-3.8,1.5,-2.3,0.0,,hoodsja01
507,Spencer Jones,23,DEN,SF,6,0,13,2.3,.250,.750,.000,0.0,24.3,12.7,0.0,7.4,0.0,20.0,16.3,-0.1,0.0,0.0,-0.130,-13.5,2.2,-11.2,0.0,,jonessp01
508,Daishen Nix,22,MIN,PG,3,0,13,-7.0,.266,1.000,2.000,0.0,33.6,17.2,28.0,0.0,0.0,68.0,19.8,-0.1,0.0,-0.1,-0.326,-15.2,-1.4,-16.6,0.0,,nixda01
509,Cole Swider,25,DET,SF,2,0,13,-11.1,.000,1.000,.000,0.0,17.0,8.5,8.9,0.0,0.0,0.0,16.3,-0.1,0.0,-0.1,-0.328,-14.7,-5.9,-20.6,-0.1,,swideco01
510,Jared Rhoden,25,CHO,SG,4,0,12,5.5,.250,.250,.000,17.3,18.4,17.9,26.3,4.1,0.0,11.1,31.7,-0.1,0.0,-0.1,-0.206,-7.3,-1.3,-8.6,0.0,,rhodeja01
511,David Duke Jr.,25,SAS,SG,2,0,12,-3.1,.255,.200,.400,0.0,17.3,8.8,21.8,0.0,0.0,14.5,24.4,-0.1,0.0,-0.1,-0.255,-11.1,-4.3,-15.4,0.0,,dukeda01
512,RayJ Dennis,23,IND,PG,6,0,11,17.8,.644,1.000,.667,10.4,20.0,15.3,11.3,8.8,0.0,34.0,23.2,0.0,0.0,0.0,.093,-3.6,6.0,2.4,0.0,,dennira01
513,Harrison Ingram,22,SAS,SF,2,0,11,-5.8,.000,.500,.000,0.0,18.9,9.6,0.0,0.0,0.0,0.0,7.7,0.0,0.0,0.0,-0.161,-11.3,-3.6,-14.9,0.0,,ingraha01
514,Cui Yongxi,21,BRK,SG,5,0,10,-10.8,.190,.429,.286,0.0,24.0,11.6,0.0,0.0,0.0,0.0,34.7,-0.1,0.0,-0.1,-0.484,-16.8,-8.4,-25.2,-0.1,,cuiyo01
515,Quincy Olivari,23,LAL,PG,2,0,10,-5.2,.300,1.000,.000,0.0,0.0,0.0,13.2,0.0,0.0,16.7,26.5,-0.1,0.0,-0.1,-0.309,-10.1,-8.7,-18.8,0.0,,olivaqu01
516,Isaiah Crawford,23,SAC,SF,3,0,9,6.3,.500,.000,.000,0.0,36.6,18.3,0.0,0.0,0.0,0.0,9.5,0.0,0.0,0.0,.042,-7.3,-0.4,-7.8,0.0,,crawfis01
517,Tristen Newton,23,2TM,SG,6,0,9,-13.9,.233,.500,.167,0.0,11.1,6.2,14.4,0.0,0.0,13.4,35.8,-0.1,0.0,-0.1,-0.475,-22.4,-8.9,-31.3,-0.1,,newtotr01
517,Tristen Newton,23,IND,SG,5,0,8,-15.3,.233,.500,.167,0.0,0.0,0.0,16.2,0.0,0.0,13.4,40.3,-0.1,0.0,-0.1,-0.560,-22.1,-11.1,-33.2,-0.1,,newtotr01
517,Tristen Newton,23,MIN,SG,1,0,1,-2.7,,,,0.0,100.0,55.8,0.0,0.0,0.0,,0.0,0.0,0.0,0.0,.201,-24.8,8.5,-16.3,0.0,,newtotr01
518,Daniss Jenkins,23,DET,PG,3,0,8,-26.4,.000,1.000,.000,0.0,0.0,0.0,0.0,0.0,0.0,20.0,26.5,-0.1,0.0,-0.1,-0.672,-27.0,-12.1,-39.1,-0.1,,jenkida01
519,Bobi Klintman,21,DET,SF,3,0,8,-6.2,.000,.500,.000,0.0,27.6,13.9,14.4,0.0,0.0,0.0,10.6,0.0,0.0,0.0,-0.156,-14.5,-2.3,-16.8,0.0,,klintbo01
520,Riley Minix,24,SAS,SF,1,0,7,-1.8,.000,1.000,.000,0.0,29.6,15.1,0.0,0.0,0.0,0.0,6.1,0.0,0.0,0.0,-0.104,-8.6,-3.3,-11.9,0.0,,minixri01
521,Jaylen Martin,21,BRK,SF,3,0,5,13.1,.750,.500,.000,0.0,0.0,0.0,0.0,0.0,0.0,0.0,17.6,0.0,0.0,0.0,.112,4.1,-0.8,3.3,0.0,,martija02
522,Mac McClung,26,ORL,SG,1,0,5,14.7,,,,0.0,24.9,11.6,51.4,0.0,0.0,,0.0,0.0,0.0,0.0,.209,1.8,4.0,5.8,0.0,,mccluma01
523,James Wiseman,23,IND,C,1,0,5,31.8,.615,.250,.500,0.0,22.0,11.2,0.0,0.0,0.0,0.0,42.3,0.0,0.0,0.0,.239,5.8,-4.8,1.1,0.0,,wisemja01
524,Alondes Williams,25,DET,SG,1,0,4,54.5,1.250,.500,.000,0.0,0.0,0.0,68.2,0.0,0.0,0.0,21.2,0.0,0.0,0.0,.573,37.8,6.1,43.9,0.0,,willial06
525,Alex Reese,25,OKC,PF,1,0,2,54.3,1.000,.000,.000,54.0,0.0,26.6,0.0,0.0,0.0,0.0,21.2,0.0,0.0,0.0,.599,23.1,-3.7,19.3,0.0,,reeseal01
526,Zyon Pullin,23,MEM,SG,1,0,1,0.0,,,,0.0,0.0,0.0,0.0,0.0,0.0,,0.0,0.0,0.0,0.0,.010,-6.3,-1.7,-8.0,0.0,,pullizy01
,League Average,,,,,,,,.574,.420,.244,5.0,15.0,10.0,16.3,1.7,2.0,12.3,19.9,,,,,,,,,,-9999