Rk,Player,Age,Team,Pos,G,GS,MP,FG,FGA,FG%,3P,3PA,3P%,2P,2PA,2P%,eFG%,FT,FTA,FT%,ORB,DRB,TRB,AST,STL,BLK,TOV,PF,PTS,Awards,Player-additional
1,Shai Gilgeous-Alexander,26,OKC,PG,47,47,34.1,11.4,21.5,.533,2.0,5.7,.350,9.5,15.8,.598,.579,7.6,8.4,.899,0.9,4.3,5.2,6.0,2.0,1.0,2.7,2.2,32.5,,gilgesh01
2,Giannis Antetokounmpo,30,MIL,PF,41,41,34.9,12.7,20.9,.608,0.1,0.8,.188,12.6,20.1,.624,.611,6.2,10.7,.577,2.3,9.9,12.2,5.9,0.8,1.3,3.4,2.4,31.8,,antetgi01
3,Nikola Jokić,29,DEN,C,44,44,36.4,11.2,19.6,.571,2.0,4.3,.466,9.2,15.3,.600,.622,5.1,6.3,.815,3.1,9.8,12.9,10.3,1.8,0.7,3.1,2.1,29.5,,jokicni01
4,LaMelo Ball,23,CHO,PG,31,31,33.3,9.7,23.3,.419,4.1,12.3,.337,5.6,11.0,.510,.508,4.5,5.5,.820,1.0,4.3,5.3,7.3,1.4,0.3,3.7,3.5,28.2,,ballla01
5,Luka Dončić,25,DAL,PG,22,22,35.7,9.8,21.2,.464,3.4,9.6,.354,6.4,11.5,.555,.544,5.1,6.6,.767,0.7,7.6,8.3,7.8,2.0,0.4,3.4,2.6,28.1,,doncilu01
6,Tyrese Maxey,24,PHI,PG,42,42,38.0,9.6,21.6,.446,3.3,9.6,.347,6.3,12.0,.525,.523,5.2,5.9,.871,0.3,3.2,3.5,6.2,1.9,0.4,2.5,2.3,27.8,,maxeyty01
7,Kevin Durant,36,PHO,PF,39,39,36.2,9.8,18.6,.524,2.4,5.9,.398,7.4,12.7,.583,.587,5.0,6.1,.827,0.4,5.7,6.1,4.2,0.8,1.3,3.0,1.7,26.9,,duranke01
8,Jayson Tatum,26,BOS,PF,48,48,36.5,9.0,19.9,.452,3.6,10.1,.354,5.4,9.9,.552,.541,5.2,6.5,.801,0.6,8.2,8.8,5.7,1.3,0.5,2.8,2.2,26.8,,tatumja01
9,Anthony Edwards,23,MIN,SG,49,49,36.7,9.0,20.2,.446,4.1,9.8,.421,4.9,10.5,.469,.547,4.3,5.2,.832,0.8,4.9,5.7,4.5,1.2,0.7,3.4,2.0,26.5,,edwaran01
10,Devin Booker,28,PHO,SG,44,44,37.1,8.5,18.9,.451,2.7,7.8,.345,5.8,11.1,.527,.523,6.3,7.1,.894,1.0,3.1,4.0,6.7,1.1,0.3,2.6,2.4,26.1,,bookede01
11,Jalen Brunson,28,NYK,PG,50,50,35.3,9.0,18.4,.489,2.3,5.8,.397,6.7,12.6,.532,.552,5.7,7.0,.813,0.4,2.5,2.9,7.5,1.0,0.1,2.4,2.2,26.1,,brunsja01
12,Anthony Davis,31,LAL,C,42,42,34.3,9.5,18.0,.528,0.7,2.2,.298,8.9,15.8,.560,.546,6.0,7.6,.788,2.8,9.0,11.9,3.4,1.3,2.1,2.2,2.0,25.7,,davisan02
13,Cade Cunningham,23,DET,PG,46,46,35.6,9.5,21.0,.455,2.3,6.3,.356,7.3,14.6,.498,.509,4.0,4.8,.836,0.9,5.4,6.3,9.5,0.9,0.8,4.5,2.6,25.3,,cunnica01
14,De'Aaron Fox,27,SAC,PG,45,45,37.0,9.2,19.6,.469,2.0,6.4,.322,7.2,13.3,.539,.521,4.5,5.5,.829,1.0,4.0,5.0,6.1,1.5,0.4,3.0,2.6,25.0,,foxde01
15,Damian Lillard,34,MIL,PG,40,40,36.5,7.7,17.3,.446,3.4,8.9,.380,4.3,8.4,.515,.543,6.2,6.8,.922,0.5,4.1,4.6,7.3,1.2,0.2,2.8,1.8,25.0,,lillada01
16,Franz Wagner,23,ORL,SF,31,31,33.1,8.8,19.2,.460,2.0,6.5,.308,6.8,12.7,.537,.512,5.3,6.0,.872,0.9,4.5,5.4,5.2,1.5,0.5,2.4,2.5,24.9,,wagnefr01
17,Joel Embiid,30,PHI,C,14,14,29.9,7.9,17.3,.459,1.2,3.8,.321,6.7,13.5,.497,.494,7.6,8.6,.884,1.9,6.3,8.1,4.3,0.9,0.9,3.3,2.2,24.7,,embiijo01
18,Cam Thomas,23,BRK,SG,19,17,32.3,7.9,17.7,.448,2.8,7.6,.375,5.1,10.2,.503,.528,5.9,6.8,.876,0.5,3.1,3.6,3.4,0.7,0.1,2.7,1.9,24.7,,thomaca02
19,Victor Wembanyama,21,SAS,C,41,41,33.1,9.0,18.9,.477,3.2,9.0,.358,5.8,9.9,.585,.562,3.4,4.0,.843,1.7,9.1,10.9,3.7,1.1,3.9,3.4,2.2,24.6,,wembavi01
20,Kyrie Irving,32,DAL,SG,40,40,36.1,9.0,18.6,.481,2.9,7.1,.411,6.0,11.5,.524,.559,3.7,4.1,.902,1.1,3.6,4.8,4.8,1.2,0.4,2.3,2.1,24.5,,irvinky01
21,Karl-Anthony Towns,29,NYK,C,46,46,34.7,8.8,16.5,.532,2.0,4.6,.423,6.8,11.9,.575,.592,4.8,5.7,.840,3.2,10.4,13.6,3.3,1.0,0.8,2.5,3.5,24.3,,townska01
22,LeBron James,40,LAL,SF,45,45,34.6,9.3,18.1,.514,2.1,5.5,.381,7.2,12.6,.572,.572,3.4,4.4,.765,0.9,6.7,7.6,9.1,0.9,0.5,3.8,1.4,24.1,,jamesle01
23,Zach LaVine,29,CHI,SF,42,42,34.1,8.6,16.9,.511,3.2,7.3,.446,5.4,9.6,.560,.607,3.5,4.3,.797,0.3,4.5,4.8,4.5,0.9,0.2,2.9,1.5,24.0,,lavinza01
24,Norman Powell,31,LAC,SG,41,41,33.2,8.3,16.7,.499,3.4,7.8,.434,5.0,8.9,.555,.600,3.9,4.7,.829,0.4,3.2,3.6,2.2,1.3,0.2,2.0,1.9,24.0,,powelno01
25,Tyler Herro,25,MIA,SG,47,47,35.5,8.2,17.6,.467,3.8,9.7,.391,4.4,7.9,.561,.575,3.6,4.1,.862,0.3,5.2,5.6,5.5,0.7,0.1,2.5,1.4,23.8,,herroty01
26,Donovan Mitchell,28,CLE,SG,48,48,31.3,8.4,18.6,.451,3.7,9.3,.395,4.7,9.3,.507,.549,3.4,4.1,.837,0.7,3.8,4.4,4.7,1.4,0.2,2.0,2.0,23.8,,mitchdo01
27,Jaren Jackson Jr.,25,MEM,C,48,48,29.7,8.4,16.9,.497,2.0,5.4,.362,6.5,11.5,.561,.555,4.5,5.7,.781,1.4,4.7,6.1,2.2,1.3,1.6,2.2,3.4,23.3,,jacksja02
28,Jaylen Brown,28,BOS,SF,44,44,35.4,8.6,18.7,.460,2.0,6.1,.321,6.6,12.6,.528,.513,4.0,5.4,.739,1.5,4.7,6.1,4.8,1.2,0.3,2.6,2.6,23.1,,brownja02
29,Trae Young,26,ATL,PG,46,46,35.9,7.0,17.4,.404,2.9,8.6,.343,4.1,8.9,.463,.488,6.0,7.0,.858,0.5,2.7,3.2,11.5,1.3,0.2,4.6,2.0,23.0,,youngtr01
30,Zion Williamson,24,NOP,PF,14,14,28.5,8.7,17.0,.513,0.1,0.8,.182,8.6,16.2,.529,.517,5.4,8.3,.647,3.0,5.0,8.0,5.0,1.1,1.2,3.1,2.9,22.9,,willizi01
31,Trey Murphy III,24,NOP,SF,34,32,35.4,7.6,16.1,.473,3.3,8.7,.382,4.3,7.4,.579,.576,4.1,4.6,.890,0.9,4.1,5.0,3.1,1.2,0.8,1.6,2.3,22.6,,murphtr02
32,Paolo Banchero,22,ORL,PF,17,17,33.8,8.0,19.1,.420,1.6,5.5,.287,6.4,13.5,.474,.461,4.9,7.9,.627,1.3,6.2,7.5,4.8,0.7,0.7,3.3,2.2,22.5,,banchpa01
33,Brandon Ingram,27,NOP,SF,18,18,33.1,8.6,18.5,.465,2.4,6.4,.374,6.2,12.1,.514,.530,2.6,3.1,.855,0.9,4.6,5.6,5.2,0.9,0.6,3.8,2.5,22.2,,ingrabr01
34,Stephen Curry,36,GSW,PG,40,40,31.8,7.4,17.0,.437,4.2,10.5,.395,3.3,6.5,.504,.559,3.2,3.4,.941,0.5,4.0,4.5,6.2,1.1,0.5,2.9,1.2,22.1,,curryst01
35,CJ McCollum,33,NOP,PG,37,37,33.5,8.3,18.5,.448,3.1,8.3,.373,5.2,10.2,.509,.531,2.4,3.4,.712,0.7,3.0,3.7,3.8,0.8,0.5,1.7,2.4,22.1,,mccolcj01
36,DeMar DeRozan,35,SAC,SF,44,44,35.8,8.1,16.8,.484,0.9,2.7,.325,7.2,14.0,.515,.511,4.6,5.4,.861,0.5,3.2,3.8,3.6,1.1,0.4,1.3,2.0,21.8,,derozde01
37,Darius Garland,25,CLE,PG,48,48,30.3,7.8,15.6,.501,3.0,6.9,.426,4.9,8.7,.560,.595,3.2,3.6,.879,0.5,2.0,2.5,6.8,1.1,0.2,2.4,2.1,21.8,,garlada01
38,RJ Barrett,24,TOR,SF,41,41,33.3,8.1,17.3,.470,1.8,5.2,.349,6.3,12.0,.522,.523,3.5,5.4,.655,1.0,5.6,6.6,5.7,0.8,0.3,3.0,2.6,21.6,,barrerj01
39,Jalen Green,22,HOU,SG,50,50,33.1,7.5,17.5,.428,2.8,8.1,.350,4.7,9.4,.495,.509,3.5,4.0,.870,0.6,3.8,4.3,2.9,0.9,0.3,2.6,1.7,21.3,,greenja05
40,James Harden,35,LAC,PG,47,47,33.8,6.2,15.8,.393,2.8,8.1,.341,3.4,7.7,.448,.480,6.1,6.8,.894,0.6,5.1,5.7,8.4,1.5,0.6,4.5,2.1,21.3,,hardeja01
41,Jalen Williams,23,OKC,SG,45,45,32.8,8.2,17.2,.475,1.7,5.0,.347,6.4,12.2,.527,.525,3.1,4.0,.781,0.8,4.8,5.6,5.2,1.8,0.8,2.3,2.5,21.1,,willija06
42,Brandon Miller,22,CHO,SF,27,27,34.2,7.3,18.2,.403,3.9,10.9,.355,3.5,7.3,.475,.509,2.5,2.9,.861,0.9,3.9,4.9,3.6,1.1,0.7,2.8,2.7,21.0,,millebr02
43,Domantas Sabonis,28,SAC,C,46,46,36.2,8.1,13.5,.598,1.1,2.5,.460,6.9,11.0,.629,.640,3.3,4.4,.766,4.0,10.3,14.3,6.5,0.6,0.4,3.0,3.5,20.6,,sabondo01
44,Ja Morant,25,MEM,PG,29,29,28.4,7.0,15.7,.447,1.6,4.8,.321,5.5,10.9,.503,.497,4.9,6.0,.815,0.7,3.5,4.1,7.6,1.3,0.3,3.9,1.8,20.5,,moranja01
45,Jamal Murray,27,DEN,PG,44,44,36.0,7.6,16.5,.459,2.0,5.6,.360,5.6,10.9,.510,.521,3.2,3.6,.875,0.6,3.4,4.0,6.1,1.5,0.6,2.2,1.8,20.4,,murraja01
46,Pascal Siakam,30,IND,PF,49,49,33.1,7.9,14.9,.530,1.7,4.2,.403,6.2,10.7,.580,.587,2.9,3.8,.761,1.8,5.5,7.3,3.4,0.9,0.5,1.3,2.6,20.4,,siakapa01
47,Jordan Poole,25,WAS,SG,42,42,31.0,6.5,15.8,.414,3.6,9.1,.391,3.0,6.7,.445,.526,3.6,4.2,.864,0.5,2.6,3.1,4.8,1.5,0.5,3.4,3.2,20.3,,poolejo01
48,Scottie Barnes,23,TOR,PF,37,37,34.5,7.7,16.9,.454,1.4,4.9,.275,6.3,12.0,.527,.494,3.5,4.5,.768,1.6,6.4,8.0,6.4,1.4,0.9,3.1,2.1,20.2,,barnesc01
49,Nikola Vučević,34,CHI,C,50,50,32.3,8.0,14.7,.548,1.9,4.6,.401,6.2,10.0,.616,.611,1.8,2.2,.807,2.4,8.0,10.4,3.5,0.9,0.7,1.6,2.4,19.7,,vucevni01
50,Miles Bridges,26,CHO,PF,33,33,32.1,7.2,16.4,.435,2.0,6.8,.295,5.2,9.6,.535,.496,3.3,3.8,.871,1.0,6.8,7.8,3.8,0.7,0.6,2.1,1.6,19.6,,bridgmi02
51,Cameron Johnson,28,BRK,PF,35,35,32.3,6.5,13.1,.491,3.2,7.6,.419,3.3,5.5,.591,.613,3.3,3.7,.898,0.7,3.3,4.1,2.9,0.8,0.5,1.7,1.8,19.4,,johnsca02
52,Lauri Markkanen,27,UTA,PF,37,37,31.9,6.2,14.7,.424,3.0,8.5,.352,3.2,6.2,.522,.526,3.8,4.5,.861,1.7,4.5,6.2,1.7,0.7,0.4,1.4,1.8,19.3,,markkla01
53,Kristaps Porziņģis,29,BOS,C,26,26,28.6,6.4,13.6,.469,2.5,6.2,.406,3.9,7.5,.521,.561,4.0,4.7,.837,1.7,5.4,7.1,2.1,0.8,1.6,1.0,2.8,19.2,,porzikr01
54,Alperen Şengün,22,HOU,C,47,47,31.4,7.6,15.6,.490,0.3,1.4,.227,7.3,14.1,.516,.500,3.7,5.3,.700,3.5,7.1,10.6,5.0,1.3,0.8,2.4,2.8,19.2,,sengual01
55,De'Andre Hunter,27,ATL,SF,36,3,28.5,6.1,13.3,.459,2.5,6.6,.386,3.6,6.7,.531,.555,4.2,4.9,.858,0.7,3.0,3.8,1.4,0.8,0.1,1.6,2.4,18.9,,huntede01
56,Jalen Johnson,23,ATL,SF,36,36,35.7,7.5,15.1,.500,1.2,3.9,.312,6.3,11.1,.566,.541,2.6,3.5,.746,1.7,8.3,10.0,5.0,1.6,1.0,2.9,1.9,18.9,,johnsja05
57,Julius Randle,30,MIN,PF,48,48,32.6,6.6,14.0,.470,1.5,4.6,.321,5.1,9.4,.542,.522,4.2,5.2,.811,2.1,5.0,7.2,4.5,0.7,0.2,2.8,2.5,18.9,,randlju01
58,Coby White,24,CHI,SG,44,44,32.6,6.3,14.4,.435,3.0,8.2,.370,3.2,6.2,.522,.541,2.9,3.3,.889,0.3,3.0,3.4,4.7,1.0,0.2,2.5,2.3,18.5,,whiteco01
59,Austin Reaves,26,LAL,SG,43,43,34.7,6.1,13.6,.451,2.6,7.0,.372,3.5,6.6,.533,.546,3.6,4.2,.845,0.8,3.5,4.3,6.2,1.1,0.2,2.4,1.9,18.4,,reaveau01
60,Michael Porter Jr.,26,DEN,SF,50,50,33.3,6.9,13.5,.513,2.6,6.3,.408,4.3,7.2,.606,.609,1.9,2.6,.744,1.6,4.8,6.4,2.2,0.6,0.5,1.3,1.9,18.3,,portemi01
61,Collin Sexton,26,UTA,SG,46,44,28.5,6.5,13.6,.478,1.9,4.6,.412,4.6,9.0,.511,.547,3.5,3.9,.894,1.1,1.8,2.9,4.1,0.7,0.1,2.5,2.3,18.3,,sextoco01
62,Mikal Bridges,28,NYK,SF,51,51,38.3,7.5,15.1,.494,2.4,6.6,.360,5.1,8.4,.600,.573,0.9,1.2,.742,0.9,2.2,3.1,3.3,1.0,0.5,1.6,1.5,18.2,,bridgmi01
63,Malik Monk,26,SAC,SG,41,28,32.1,6.7,14.8,.449,2.3,6.9,.331,4.4,7.9,.552,.526,2.6,3.0,.877,0.4,3.4,3.8,5.9,1.0,0.6,2.1,2.6,18.2,,monkma01
64,Anfernee Simons,25,POR,SG,47,47,32.2,6.4,15.3,.422,2.9,8.0,.368,3.5,7.3,.481,.518,2.4,2.6,.895,0.3,2.4,2.8,5.0,0.8,0.1,2.1,1.8,18.2,,simonan01
65,John Collins,27,UTA,PF,31,22,29.9,6.7,12.5,.535,1.5,3.3,.455,5.2,9.3,.563,.594,3.2,3.7,.870,2.3,6.1,8.3,2.3,1.0,1.0,2.6,3.1,18.1,,collijo01
66,Evan Mobley,23,CLE,PF,44,44,29.9,7.0,12.3,.564,1.1,2.8,.385,5.9,9.6,.615,.607,3.0,4.0,.756,2.1,6.9,9.0,2.8,0.9,1.4,1.9,2.0,18.0,,mobleev01
67,Desmond Bane,26,MEM,SG,40,39,30.1,6.8,13.7,.498,2.2,5.6,.384,4.7,8.1,.577,.577,2.1,2.5,.859,1.0,4.7,5.7,5.5,1.2,0.4,2.5,2.4,17.9,,banede01
68,Tyrese Haliburton,24,IND,PG,48,48,34.0,6.1,13.7,.450,2.9,7.9,.366,3.3,5.8,.563,.555,2.7,3.2,.843,0.6,3.0,3.6,8.5,1.3,0.7,1.8,1.3,17.9,,halibty01
69,Jaden Ivey,22,DET,SG,30,30,29.9,6.3,13.8,.460,2.1,5.1,.409,4.2,8.6,.490,.536,2.8,3.9,.733,1.3,2.8,4.1,4.0,0.9,0.4,3.0,2.2,17.6,,iveyja01
70,Andrew Wiggins,29,GSW,SF,43,43,30.1,6.1,13.7,.444,2.2,5.8,.379,3.9,7.9,.491,.524,3.2,4.2,.777,1.5,3.0,4.6,2.3,0.9,0.8,1.3,1.6,17.6,,wiggian01
71,Dejounte Murray,28,NOP,PG,31,31,32.6,6.3,15.9,.393,1.7,5.6,.299,4.6,10.3,.444,.445,3.3,4.0,.823,0.5,5.9,6.5,7.4,2.0,0.4,3.4,2.0,17.5,,murrade01
72,Shaedon Sharpe,21,POR,SG,43,31,30.4,6.4,14.3,.444,1.9,6.1,.318,4.4,8.3,.537,.511,2.6,3.2,.809,0.7,3.1,3.8,2.4,0.8,0.2,1.9,1.9,17.2,,sharpsh01
73,Bradley Beal,31,PHO,SG,36,23,32.4,6.6,13.3,.492,2.1,5.1,.400,4.5,8.2,.549,.569,2.0,2.5,.789,0.7,2.7,3.4,3.4,1.1,0.6,2.0,2.6,17.1,,bealbr01
74,Paul George,34,PHI,PF,30,30,32.0,6.3,14.6,.429,2.4,6.7,.365,3.8,7.9,.483,.513,2.2,2.6,.823,0.7,5.0,5.6,4.7,1.7,0.4,2.7,2.5,17.1,,georgpa01
75,Jimmy Butler,35,MIA,PF,25,25,30.6,5.7,10.5,.540,0.5,1.4,.361,5.2,9.1,.568,.565,5.2,6.4,.801,2.2,3.0,5.2,4.8,1.1,0.4,1.2,0.9,17.0,,butleji01
76,Jonathan Kuminga,22,GSW,PF,32,10,26.0,6.1,13.2,.459,1.3,3.6,.345,4.8,9.6,.502,.506,3.4,5.3,.639,1.4,3.6,5.0,2.2,0.9,0.6,1.6,1.9,16.8,,kuminjo01
77,Bam Adebayo,27,MIA,C,47,47,33.9,6.3,13.5,.470,0.7,2.5,.286,5.6,11.0,.513,.497,3.0,4.1,.724,2.4,7.5,9.9,4.6,1.3,0.8,2.2,2.1,16.4,,adebaba01
78,OG Anunoby,27,NYK,PF,49,49,36.3,6.2,12.8,.482,2.1,5.8,.365,4.1,7.0,.577,.564,1.9,2.4,.792,1.3,3.4,4.7,2.0,1.4,0.9,1.3,2.3,16.4,,anunoog01
79,Chet Holmgren,22,OKC,C,10,10,26.5,5.6,11.1,.505,1.4,3.7,.378,4.2,7.4,.568,.568,3.8,4.9,.776,1.6,7.1,8.7,2.0,0.8,2.6,2.3,1.8,16.4,,holmgch01
80,Malik Beasley,28,DET,SG,50,11,27.8,5.7,13.1,.434,3.8,9.2,.413,1.9,3.9,.482,.579,1.1,1.7,.675,0.6,2.4,2.9,1.8,0.9,0.0,1.1,1.5,16.3,,beaslma01
81,Keyonte George,21,UTA,PG,38,32,31.3,5.3,13.6,.389,2.6,7.6,.337,2.7,6.0,.454,.483,3.0,3.8,.804,0.4,3.2,3.6,5.8,0.7,0.2,2.9,1.8,16.2,,georgke01
82,Bennedict Mathurin,22,IND,SF,47,42,31.7,5.7,12.2,.470,1.5,4.2,.357,4.3,8.0,.529,.531,3.2,3.9,.820,1.2,4.5,5.7,1.8,0.6,0.4,2.0,2.5,16.2,,mathube01
83,Jalen Suggs,23,ORL,PG,35,35,28.6,5.6,13.7,.410,2.2,6.9,.314,3.5,6.8,.506,.489,2.8,3.1,.882,0.7,3.4,4.0,3.7,1.5,0.9,2.9,2.8,16.2,,suggsja01
84,Derrick White,30,BOS,SG,48,48,33.8,5.5,12.6,.440,3.4,8.9,.380,2.2,3.7,.584,.575,1.7,2.1,.820,1.0,3.3,4.2,4.2,0.9,1.2,1.6,1.9,16.2,,whitede01
85,Jordan Clarkson,32,UTA,SG,26,3,25.6,5.4,13.2,.412,2.1,5.9,.359,3.3,7.3,.455,.493,3.1,3.8,.818,0.6,2.5,3.2,3.7,0.9,0.3,2.2,1.5,16.1,,clarkjo01
86,Devin Vassell,24,SAS,SG,32,21,30.1,6.1,14.0,.432,2.3,6.4,.354,3.8,7.6,.498,.513,1.7,2.2,.757,0.7,3.0,3.6,3.0,1.1,0.5,1.6,1.6,16.1,,vassede01
87,Mark Williams,23,CHO,C,22,19,25.0,6.3,10.5,.597,0.0,0.0,.000,6.3,10.5,.600,.597,3.5,4.5,.776,3.4,6.5,9.8,2.5,0.7,1.2,1.0,2.6,16.0,,willima07
88,Kawhi Leonard,33,LAC,SF,12,12,24.3,6.5,13.9,.467,1.5,4.3,.346,5.0,9.6,.522,.521,1.4,1.9,.739,0.7,3.9,4.6,2.4,0.9,0.5,1.7,1.1,15.9,,leonaka01
89,Gradey Dick,21,TOR,SG,43,43,29.9,5.3,12.7,.420,2.2,6.3,.352,3.1,6.4,.489,.508,2.7,3.1,.886,0.7,2.5,3.3,2.0,0.8,0.2,1.6,2.3,15.7,,dickgr01
90,Myles Turner,28,IND,C,45,45,31.1,5.5,11.5,.479,2.1,5.2,.402,3.4,6.3,.543,.570,2.4,3.1,.752,1.3,5.4,6.7,1.6,0.8,1.8,2.0,2.9,15.4,,turnemy01
91,Jared McCain,20,PHI,SG,23,8,25.7,5.5,11.9,.460,2.2,5.8,.383,3.3,6.1,.532,.553,2.1,2.4,.875,0.6,1.9,2.4,2.6,0.7,0.0,1.6,1.6,15.3,,mccaija01
92,Kyle Kuzma,29,WAS,PF,32,30,27.7,6.0,14.2,.420,1.4,5.0,.281,4.6,9.2,.495,.469,1.8,3.1,.602,0.8,4.9,5.8,2.5,0.6,0.2,2.3,1.6,15.2,,kuzmaky01
93,Ivica Zubac,27,LAC,C,48,48,31.9,6.7,11.0,.608,0.0,0.0,,6.7,11.0,.608,.608,1.7,2.8,.610,3.8,8.8,12.6,2.5,0.7,1.1,1.7,1.9,15.1,,zubaciv01
94,Immanuel Quickley,25,TOR,PG,12,12,25.8,4.9,12.1,.407,2.1,5.7,.368,2.8,6.4,.442,.493,3.1,3.3,.925,0.2,1.9,2.1,5.7,0.6,0.2,1.4,1.5,15.0,,quickim01
95,Jerami Grant,30,POR,PF,39,39,32.2,4.7,12.2,.385,2.3,6.1,.382,2.4,6.1,.388,.481,3.1,3.6,.850,0.6,2.7,3.3,2.2,0.7,1.0,1.3,2.3,14.8,,grantje01
96,Deni Avdija,24,POR,SF,48,30,28.9,4.9,10.5,.465,1.5,4.4,.341,3.4,6.1,.554,.537,3.4,4.4,.778,1.2,5.3,6.5,3.4,1.0,0.6,2.5,2.3,14.7,,avdijde01
97,Deandre Ayton,26,POR,C,37,37,30.4,6.8,11.9,.572,0.2,0.9,.188,6.6,11.0,.602,.579,0.9,1.4,.654,3.1,7.2,10.4,1.6,0.8,0.9,1.7,2.2,14.6,,aytonde01
98,Fred VanVleet,30,HOU,PG,45,45,35.5,5.0,13.0,.387,2.7,7.8,.344,2.4,5.3,.450,.489,1.9,2.3,.824,0.7,3.2,3.9,5.8,1.6,0.4,1.6,2.4,14.6,,vanvlfr01
99,Dennis Schröder,31,2TM,SG,47,41,29.8,5.1,12.3,.418,2.0,5.6,.358,3.1,6.6,.469,.501,2.1,2.6,.842,0.3,2.3,2.6,5.5,1.1,0.1,2.3,2.6,14.4,,schrode01
99,Dennis Schröder,31,BRK,PG,23,23,33.6,6.4,14.1,.452,2.5,6.5,.387,3.9,7.6,.509,.542,3.1,3.5,.889,0.2,2.8,3.0,6.6,1.1,0.2,2.6,2.4,18.4,,schrode01
99,Dennis Schröder,31,GSW,SG,24,18,26.2,3.9,10.5,.375,1.5,4.8,.322,2.4,5.7,.419,.448,1.2,1.6,.744,0.4,1.9,2.3,4.4,1.0,0.1,2.0,2.8,10.6,,schrode01
100,Christian Braun,23,DEN,SG,49,47,32.6,5.6,9.9,.569,1.0,2.7,.377,4.6,7.2,.640,.620,2.2,2.6,.829,1.3,3.5,4.8,2.0,1.1,0.5,1.0,2.2,14.4,,braunch01
101,P.J. Washington,26,DAL,PF,42,41,32.9,5.2,11.8,.439,1.6,4.3,.380,3.6,7.6,.472,.507,2.4,3.2,.750,1.6,6.7,8.4,2.3,1.2,1.0,1.9,2.5,14.4,,washipj01
102,Josh Hart,29,NYK,SG,50,50,37.6,5.5,9.9,.558,1.1,3.3,.343,4.4,6.6,.666,.615,2.1,2.6,.815,2.2,7.4,9.7,5.8,1.5,0.4,1.9,2.6,14.3,,hartjo01
103,Kelly Oubre Jr.,29,PHI,SF,46,43,34.3,5.5,11.9,.459,1.2,4.2,.293,4.2,7.7,.548,.510,2.2,2.9,.748,1.6,4.7,6.3,1.9,1.5,0.5,1.3,2.9,14.3,,oubreke01
104,Jakob Poeltl,29,TOR,C,45,44,30.9,6.2,10.2,.610,0.0,0.0,.000,6.2,10.2,.613,.610,1.7,2.6,.658,3.5,6.6,10.1,2.8,1.2,1.3,1.9,3.3,14.2,,poeltja01
105,Tre Mann,23,CHO,PG,13,0,24.5,5.4,12.4,.435,1.8,4.6,.400,3.5,7.8,.455,.509,1.5,1.6,.905,0.9,2.0,2.9,3.0,0.5,0.3,1.9,1.8,14.1,,manntr01
106,Jarrett Allen,26,CLE,C,50,50,28.9,5.6,8.0,.701,0.0,0.0,.000,5.6,8.0,.705,.701,2.5,3.4,.741,2.6,7.6,10.2,1.9,0.9,0.9,1.1,1.4,13.8,,allenja01
107,Naz Reid,25,MIN,C,49,2,25.6,5.1,10.5,.489,2.2,5.2,.423,2.9,5.3,.554,.594,1.4,1.8,.791,0.9,4.1,5.0,1.8,0.7,0.8,1.2,2.3,13.8,,reidna01
108,Dyson Daniels,21,ATL,SG,45,45,33.7,5.7,12.2,.469,1.2,3.6,.323,4.6,8.6,.530,.516,1.1,1.8,.608,1.7,3.6,5.3,3.8,3.0,0.8,1.9,2.6,13.7,,daniedy01
109,Payton Pritchard,27,BOS,PG,50,0,27.6,4.8,10.3,.466,3.2,7.6,.417,1.6,2.7,.604,.620,1.0,1.2,.847,1.4,2.3,3.6,3.4,0.9,0.2,1.0,1.6,13.7,,pritcpa01
110,Amen Thompson,22,HOU,SF,47,20,31.3,5.3,9.7,.544,0.3,1.3,.233,5.0,8.4,.591,.559,2.9,4.1,.715,2.7,5.4,8.1,3.1,1.4,1.2,2.0,2.4,13.7,,thompam01
111,Dillon Brooks,29,HOU,SF,47,47,32.3,4.9,11.8,.418,2.3,6.1,.386,2.6,5.7,.452,.517,1.3,1.6,.851,1.2,2.6,3.8,1.5,0.8,0.2,1.1,3.5,13.6,,brookdi01
112,Malcolm Brogdon,32,WAS,PG,20,13,24.5,4.6,10.5,.435,0.8,2.5,.300,3.8,8.0,.478,.471,3.6,4.1,.866,1.0,3.2,4.1,4.1,0.5,0.3,1.7,1.5,13.4,,brogdma01
113,Bobby Portis,29,MIL,PF,41,5,24.7,5.5,11.7,.466,1.3,3.5,.364,4.2,8.2,.509,.520,1.2,1.5,.817,1.7,6.2,7.9,2.0,0.7,0.5,1.2,1.8,13.4,,portibo01
114,Klay Thompson,34,DAL,SF,44,44,27.3,4.8,11.7,.411,3.0,7.7,.389,1.8,4.0,.454,.540,0.8,0.9,.902,0.7,2.8,3.5,2.0,0.8,0.4,1.5,1.2,13.4,,thompkl01
115,D'Angelo Russell,28,2TM,PG,41,19,25.9,4.4,11.0,.405,2.0,5.9,.339,2.4,5.0,.483,.497,2.2,2.5,.882,0.3,2.6,2.9,5.3,1.0,0.4,1.8,1.9,13.1,,russeda01
115,D'Angelo Russell,28,LAL,PG,29,10,26.3,4.4,10.7,.415,1.9,5.8,.333,2.5,4.9,.510,.505,1.6,1.8,.849,0.3,2.5,2.8,4.7,0.8,0.1,1.7,1.8,12.4,,russeda01
115,D'Angelo Russell,28,BRK,PG,12,9,25.0,4.4,11.5,.384,2.2,6.2,.351,2.3,5.3,.422,.478,3.8,4.1,.918,0.4,2.8,3.2,6.8,1.4,1.0,2.0,2.1,14.8,,russeda01
116,Tobias Harris,32,DET,PF,48,48,32.1,5.0,11.1,.450,1.3,3.9,.324,3.7,7.2,.519,.508,1.8,2.1,.861,0.9,5.1,6.0,2.4,0.9,0.9,1.1,1.9,13.1,,harrito02
117,Russell Westbrook,36,DEN,PG,48,27,27.7,4.9,10.3,.477,1.1,3.5,.331,3.8,6.8,.550,.532,2.0,3.2,.641,1.4,3.7,5.1,6.4,1.5,0.5,3.0,2.5,13.0,,westbru01
118,Moritz Wagner,27,ORL,C,30,1,18.8,4.7,8.3,.562,0.9,2.5,.360,3.8,5.8,.649,.616,2.6,3.7,.718,1.3,3.6,4.9,1.4,0.8,0.4,1.6,1.8,12.9,,wagnemo01
119,Santi Aldama,24,MEM,PF,42,11,24.7,5.0,10.2,.492,1.7,4.7,.372,3.3,5.5,.592,.577,1.0,1.4,.717,1.5,5.3,6.8,2.5,0.8,0.5,1.1,1.0,12.8,,aldamsa01
120,Rui Hachimura,26,LAL,PF,41,41,31.9,4.9,9.7,.505,1.6,3.8,.429,3.2,5.9,.554,.590,1.4,1.8,.787,1.5,3.6,5.1,1.5,0.9,0.5,0.9,1.8,12.8,,hachiru01
121,Daniel Gafford,26,DAL,C,48,25,21.8,5.1,7.3,.699,0.0,0.0,,5.1,7.3,.699,.699,2.5,3.5,.711,2.7,4.0,6.7,1.4,0.4,1.8,1.2,2.7,12.7,,gaffoda01
122,Scoot Henderson,20,POR,PG,44,8,26.6,4.3,10.0,.434,1.5,4.0,.367,2.9,6.0,.479,.508,2.6,3.3,.785,0.7,2.4,3.1,5.3,1.1,0.3,2.6,2.7,12.7,,hendesc01
123,Aaron Gordon,29,DEN,PF,28,19,26.7,4.5,8.6,.521,1.1,2.8,.410,3.3,5.8,.574,.588,2.5,3.1,.795,1.6,3.3,4.8,2.6,0.5,0.2,1.4,1.6,12.6,,gordoaa01
124,Khris Middleton,33,MIL,SF,23,7,23.2,4.7,9.2,.512,1.5,3.7,.407,3.2,5.4,.584,.595,1.7,2.0,.848,0.2,3.5,3.7,4.4,0.7,0.2,1.6,2.3,12.6,,middlkh01
125,Bilal Coulibaly,20,WAS,SF,45,45,33.2,4.4,10.6,.421,1.1,3.9,.282,3.4,6.7,.502,.473,2.5,3.3,.770,1.4,3.5,4.9,3.3,1.3,0.8,2.0,2.4,12.5,,coulibi01
126,Ayo Dosunmu,25,CHI,SG,40,22,30.5,4.8,9.9,.490,1.5,4.2,.349,3.4,5.7,.592,.563,1.4,1.7,.794,0.6,3.0,3.7,4.7,0.8,0.5,1.3,2.3,12.5,,dosunay01
127,Keldon Johnson,25,SAS,SF,44,0,24.0,4.6,10.0,.458,1.1,3.7,.305,3.4,6.3,.549,.515,2.0,2.6,.765,1.3,3.4,4.8,1.4,0.6,0.3,0.8,1.5,12.3,,johnske04
128,Stephon Castle,20,SAS,PG,46,29,25.6,4.4,10.8,.407,1.1,3.9,.278,3.3,6.9,.480,.457,2.3,3.2,.711,0.8,2.0,2.8,3.7,0.8,0.2,1.9,1.8,12.2,,castlst01
129,Brook Lopez,36,MIL,C,47,47,32.1,4.6,9.6,.475,1.9,5.1,.365,2.7,4.5,.599,.572,1.1,1.3,.794,1.1,3.6,4.7,1.7,0.7,2.0,1.0,2.2,12.1,,lopezbr01
130,Keegan Murray,24,SAC,PF,46,46,35.2,4.7,10.8,.436,1.8,5.6,.326,2.9,5.2,.554,.520,0.9,1.1,.816,2.2,4.9,7.1,1.4,0.8,0.8,0.9,2.7,12.1,,murrake02
131,Terry Rozier,30,MIA,PG,44,21,28.5,4.5,11.0,.407,1.5,5.2,.297,2.9,5.8,.506,.477,1.6,1.9,.867,0.8,3.4,4.1,3.0,0.6,0.3,1.5,1.4,12.1,,roziete01
132,Josh Giddey,22,CHI,PG,47,47,28.7,4.6,10.2,.447,1.3,3.8,.331,3.3,6.4,.515,.508,1.6,2.1,.750,1.6,5.7,7.3,6.6,1.1,0.5,2.7,1.6,12.0,,giddejo01
133,Daeqwon Plowden,26,ATL,SG,2,0,16.5,4.0,5.0,.800,3.0,4.0,.750,1.0,1.0,1.000,1.100,1.0,1.0,1.000,1.5,1.0,2.5,0.0,0.0,0.0,0.5,2.5,12.0,,plowdda01
134,Jabari Smith Jr.,21,HOU,PF,33,33,30.9,4.1,9.5,.435,1.7,4.8,.354,2.4,4.7,.516,.524,2.0,2.3,.867,1.8,4.7,6.5,1.0,0.4,1.0,0.9,2.3,11.9,,smithja05
135,Jeremy Sochan,21,SAS,PF,28,19,27.1,4.8,9.1,.525,0.5,1.5,.326,4.3,7.6,.566,.553,1.9,2.6,.712,2.5,5.0,7.5,2.6,0.9,0.6,1.8,2.4,11.9,,sochaje01
136,Harrison Barnes,32,SAS,PF,47,47,28.1,4.0,7.9,.503,1.5,3.7,.416,2.4,4.2,.579,.600,2.2,2.8,.802,1.4,2.5,4.0,1.8,0.3,0.2,0.6,1.0,11.7,,barneha02
137,Onyeka Okongwu,24,ATL,C,43,9,24.9,4.6,8.2,.562,0.4,1.6,.269,4.2,6.7,.631,.588,2.0,2.7,.744,2.8,5.0,7.8,2.0,0.9,0.9,1.0,2.4,11.7,,okongon01
138,Isaiah Hartenstein,26,OKC,C,28,27,29.4,4.9,8.9,.554,0.0,0.5,.000,4.9,8.4,.585,.554,1.6,2.5,.648,3.0,9.4,12.5,4.3,0.8,1.2,1.9,2.9,11.5,,harteis01
139,Buddy Hield,32,GSW,SG,49,17,23.0,4.1,10.0,.411,2.5,6.9,.366,1.6,3.1,.513,.538,0.8,0.9,.822,0.6,2.7,3.2,1.6,0.9,0.3,1.2,1.8,11.5,,hieldbu01
140,Alex Sarr,19,WAS,C,41,41,26.8,4.3,10.9,.397,1.4,4.6,.307,2.9,6.3,.463,.462,1.4,2.1,.644,1.8,4.8,6.6,2.2,0.7,1.6,1.4,2.4,11.5,,sarral01
141,Jonas Valančiūnas,32,WAS,C,49,12,20.1,4.7,8.6,.547,0.1,0.6,.259,4.6,8.1,.567,.556,1.9,2.2,.896,2.4,5.8,8.2,2.2,0.4,0.6,1.8,2.0,11.5,,valanjo01
142,Corey Kispert,25,WAS,SF,44,0,26.6,4.1,9.3,.447,1.9,5.4,.353,2.2,3.8,.580,.550,1.2,1.4,.869,0.6,2.3,3.0,1.6,0.6,0.2,1.0,1.6,11.4,,kispeco01
143,Jaylen Wells,21,MEM,SG,50,45,26.2,4.0,9.1,.444,1.9,5.0,.379,2.1,4.1,.522,.547,1.5,1.8,.841,1.1,2.1,3.2,1.7,0.6,0.1,1.0,1.8,11.4,,wellsja01
144,Zaccharie Risacher,19,ATL,SF,43,41,23.9,4.2,10.0,.420,1.3,4.3,.311,2.9,5.7,.500,.486,1.6,2.3,.694,1.3,2.2,3.5,1.2,0.8,0.5,1.1,2.0,11.3,,risacza01
145,Tari Eason,23,HOU,PF,33,1,23.6,4.3,9.2,.472,1.0,3.0,.343,3.3,6.2,.534,.528,1.5,2.1,.739,2.2,4.2,6.3,1.1,1.8,0.9,0.9,2.4,11.2,,easonta01
146,Ty Jerome,27,CLE,SG,47,2,18.9,4.1,8.0,.516,1.5,3.4,.431,2.7,4.6,.579,.608,1.5,1.7,.886,0.7,1.7,2.4,3.4,1.2,0.0,1.2,1.4,11.2,,jeromty01
147,Andrew Nembhard,25,IND,SG,33,33,28.4,4.2,8.6,.482,0.8,2.4,.342,3.3,6.2,.537,.530,1.9,2.5,.762,0.5,2.9,3.5,5.2,1.2,0.1,1.8,2.2,11.1,,nembhan01
148,Duncan Robinson,30,MIA,SF,46,28,24.2,3.9,9.2,.424,2.5,6.7,.381,1.4,2.6,.534,.561,0.7,0.8,.895,0.3,2.2,2.4,2.7,0.5,0.1,1.1,2.1,11.1,,robindu01
149,Guerschon Yabusele,29,PHI,C,47,25,26.8,4.1,7.9,.523,1.5,3.8,.400,2.6,4.1,.639,.620,1.4,1.9,.727,1.9,3.7,5.6,2.0,0.8,0.4,1.3,2.5,11.1,,yabusgu01
150,Donte DiVincenzo,28,MIN,SG,40,8,26.4,3.7,9.3,.397,2.6,7.0,.369,1.1,2.4,.479,.535,1.0,1.3,.820,0.6,3.1,3.7,3.6,1.2,0.2,1.8,1.6,11.0,,divindo01
151,Jrue Holiday,34,BOS,PG,44,44,30.2,4.0,9.1,.438,1.8,5.1,.342,2.3,4.0,.559,.534,1.2,1.4,.900,1.1,3.3,4.4,3.7,1.0,0.4,1.3,1.6,11.0,,holidjr01
152,Tyus Jones,28,PHO,PG,48,48,29.3,4.1,8.8,.468,2.0,4.9,.416,2.1,3.9,.532,.583,0.7,0.8,.875,0.5,1.9,2.4,5.9,0.9,0.1,1.3,1.0,11.0,,jonesty01
153,Grayson Allen,29,PHO,SG,40,1,24.7,3.5,7.6,.457,2.5,5.7,.432,1.0,1.9,.532,.618,1.5,1.8,.831,0.6,2.8,3.4,1.9,1.0,0.3,1.0,1.4,10.9,,allengr01
154,Walker Kessler,23,UTA,C,38,38,29.9,4.7,6.5,.720,0.1,0.2,.333,4.6,6.3,.729,.724,1.5,2.8,.538,4.3,7.1,11.5,1.5,0.6,2.3,1.4,2.2,10.9,,kesslwa01
155,Naji Marshall,27,DAL,SF,38,14,24.3,4.3,8.7,.495,0.8,2.8,.299,3.5,5.9,.589,.544,1.5,1.7,.862,0.9,2.7,3.6,2.6,1.0,0.1,1.4,1.4,10.9,,marshna01
156,Jaden McDaniels,24,MIN,PF,50,50,31.4,4.3,9.2,.462,1.3,3.8,.340,3.0,5.4,.548,.533,1.1,1.4,.800,1.4,4.0,5.4,1.7,1.5,0.9,1.1,2.9,10.9,,mcdanja02
157,Tim Hardaway Jr.,32,DET,SG,46,46,28.4,3.5,8.4,.415,2.1,5.5,.374,1.4,2.9,.493,.537,1.7,2.1,.821,0.2,2.0,2.2,1.6,0.5,0.0,0.7,1.3,10.8,,hardati02
158,Jordan Hawkins,22,NOP,SG,32,5,23.2,3.7,10.0,.364,1.9,5.9,.328,1.7,4.1,.417,.461,1.5,1.8,.831,0.4,2.1,2.5,0.9,0.7,0.4,0.9,0.8,10.8,,hawkijo01
159,Nikola Jović,21,MIA,PF,39,10,24.5,3.7,8.1,.457,1.7,4.5,.385,2.0,3.6,.546,.563,1.7,2.1,.838,0.6,3.4,4.0,2.8,0.9,0.3,1.2,1.6,10.8,,jovicni01
160,Brandon Boston Jr.,23,NOP,SG,41,10,23.9,4.0,9.1,.437,1.1,3.3,.341,2.9,5.8,.492,.499,1.6,2.0,.802,0.7,2.6,3.2,2.2,1.2,0.2,1.2,1.7,10.7,,bostobr01
161,Jalen Duren,21,DET,C,47,47,25.8,4.5,6.4,.703,0.0,0.0,,4.5,6.4,.703,.703,1.8,2.7,.664,3.5,6.5,10.0,2.3,0.6,1.2,1.9,3.2,10.7,,durenja01
162,Rudy Gobert,32,MIN,C,50,50,33.3,4.2,6.4,.652,0.0,0.0,,4.2,6.4,.652,.652,2.4,3.4,.686,3.3,7.0,10.3,1.9,0.7,1.5,1.3,2.4,10.7,,goberru01
163,Julian Champagnie,23,SAS,SF,47,26,25.4,3.6,8.7,.418,2.3,6.4,.365,1.3,2.3,.566,.553,1.0,1.1,.902,0.8,3.4,4.3,1.2,0.7,0.4,1.0,1.4,10.6,,champju02
164,Chris Boucher,32,TOR,PF,43,0,17.4,3.8,7.5,.506,1.5,3.9,.375,2.3,3.6,.649,.604,1.5,1.9,.788,1.3,3.1,4.3,0.6,0.5,0.6,0.6,1.4,10.5,,bouchch01
165,Caris LeVert,30,CLE,SF,37,2,23.9,3.6,7.8,.466,1.6,3.9,.414,2.0,3.9,.517,.569,1.6,2.2,.699,0.6,2.2,2.8,3.8,0.9,0.5,1.3,1.2,10.5,,leverca01
166,Derrick Jones Jr.,27,LAC,SF,48,45,25.1,4.2,8.0,.519,1.0,2.8,.366,3.1,5.2,.602,.583,1.1,1.4,.788,1.4,2.3,3.7,0.9,1.2,0.4,0.9,2.0,10.4,,jonesde02
167,Grant Williams,26,CHO,PF,16,7,29.9,3.4,7.7,.439,1.7,4.6,.365,1.7,3.1,.551,.549,1.9,2.3,.838,1.1,4.0,5.1,2.3,1.1,0.8,1.8,2.9,10.4,,willigr01
168,Ochai Agbaji,24,TOR,SG,44,34,27.9,4.1,8.1,.513,1.5,3.9,.400,2.6,4.2,.616,.608,0.5,0.7,.667,0.8,2.8,3.7,1.6,0.8,0.6,0.8,2.0,10.3,,agbajoc01
169,Toumani Camara,24,POR,PF,49,49,32.1,3.8,8.4,.457,1.5,4.1,.365,2.3,4.2,.548,.547,1.1,1.5,.733,2.2,3.5,5.8,2.0,1.4,0.6,1.5,2.9,10.3,,camarto01
170,Dante Exum,29,DAL,PG,3,2,18.3,4.0,8.7,.462,0.3,2.0,.167,3.7,6.7,.550,.481,2.0,2.7,.750,0.3,1.3,1.7,2.7,1.0,0.0,1.3,2.0,10.3,,exumda01
171,Herbert Jones,26,NOP,SF,20,20,32.4,3.8,8.6,.436,1.1,3.6,.306,2.7,5.0,.530,.500,1.7,2.0,.825,1.1,2.8,3.9,3.3,1.9,0.5,1.8,3.3,10.3,,joneshe01
172,De'Anthony Melton,26,GSW,SG,6,2,20.2,3.7,9.0,.407,2.2,5.8,.371,1.5,3.2,.474,.528,0.8,1.3,.625,1.0,2.3,3.3,2.8,1.2,0.3,1.7,3.0,10.3,,meltode01
173,Quentin Grimes,24,DAL,SG,47,12,22.8,3.6,7.8,.463,1.7,4.3,.398,1.9,3.5,.543,.573,1.3,1.7,.765,0.6,3.2,3.8,2.1,0.7,0.2,1.3,1.7,10.2,,grimequ01
174,Amir Coffey,27,LAC,SG,49,11,26.0,3.5,7.4,.473,1.5,3.7,.413,2.0,3.8,.530,.574,1.6,1.8,.897,0.5,1.9,2.4,1.1,0.6,0.1,0.7,1.6,10.1,,coffeam01
175,Spencer Dinwiddie,31,DAL,PG,49,18,25.0,3.2,7.9,.404,1.3,4.0,.335,1.9,3.9,.474,.488,2.4,2.8,.847,0.2,2.2,2.4,3.8,0.9,0.2,1.1,1.5,10.1,,dinwisp01
176,Bogdan Bogdanović,32,ATL,SG,24,0,24.9,3.5,9.3,.371,1.8,6.1,.301,1.6,3.3,.500,.469,1.3,1.4,.882,0.5,2.3,2.8,2.0,0.8,0.3,1.5,2.4,10.0,,bogdabo01
177,Nic Claxton,25,BRK,C,43,35,26.5,4.3,7.9,.548,0.0,0.3,.071,4.3,7.6,.569,.550,1.3,2.4,.529,2.0,5.5,7.5,2.0,0.9,1.2,1.2,2.1,10.0,,claxtni01
178,Tosan Evbuomwan,23,BRK,SF,16,0,24.8,3.7,7.9,.468,0.8,2.5,.325,2.9,5.4,.535,.520,1.8,2.4,.744,1.1,3.0,4.1,1.7,0.8,0.3,1.9,1.9,10.0,,evbuoto01
179,Svi Mykhailiuk,27,UTA,SF,18,8,18.9,3.6,8.6,.422,2.2,6.1,.355,1.4,2.4,.591,.549,0.6,0.8,.786,0.4,1.8,2.3,1.7,0.7,0.3,1.7,1.4,10.0,,mykhasv01
180,Aaron Wiggins,26,OKC,SG,48,15,21.3,4.0,8.1,.491,1.4,3.8,.365,2.6,4.4,.600,.575,0.7,0.8,.821,1.0,2.5,3.5,1.6,0.7,0.2,0.9,1.3,10.0,,wiggiaa01
181,Luguentz Dort,25,OKC,SF,46,46,29.0,3.4,8.1,.422,2.3,5.5,.420,1.1,2.6,.429,.566,0.7,0.8,.821,1.5,2.9,4.3,1.7,1.0,0.7,0.7,3.1,9.9,,dortlu01
182,T.J. McConnell,32,IND,PG,48,0,18.7,4.5,8.6,.527,0.1,0.6,.250,4.4,8.0,.547,.535,0.7,1.0,.739,0.6,2.1,2.6,4.5,1.2,0.3,1.5,1.1,9.9,,mccontj01
183,Zach Edey,22,MEM,C,36,29,20.8,4.0,6.9,.580,0.4,1.1,.359,3.6,5.9,.621,.608,1.3,2.0,.676,3.3,4.3,7.6,1.0,0.7,1.2,1.5,2.7,9.8,,edeyza01
184,Luke Kennard,28,MEM,SG,37,5,22.1,3.3,6.9,.480,2.2,4.6,.485,1.1,2.4,.471,.641,1.0,1.1,.878,0.6,2.2,2.9,3.5,0.7,0.1,1.1,0.8,9.8,,kennalu01
185,Obi Toppin,26,IND,PF,46,0,18.8,3.8,7.1,.538,1.2,3.4,.348,2.6,3.7,.712,.622,1.1,1.3,.790,0.7,3.3,4.0,1.5,0.7,0.4,0.7,1.4,9.8,,toppiob01
186,Isaiah Joe,25,OKC,SG,44,11,21.0,3.4,7.9,.431,2.5,6.2,.399,0.9,1.7,.547,.587,0.4,0.6,.731,0.5,2.1,2.5,1.4,0.7,0.1,0.5,1.6,9.7,,joeis01
187,Keon Johnson,22,BRK,SG,48,28,22.9,3.5,9.4,.374,1.5,4.9,.298,2.0,4.5,.458,.452,1.3,1.6,.769,0.7,2.7,3.4,1.9,0.9,0.3,1.3,2.5,9.7,,johnske07
188,Brice Sensabaugh,21,UTA,SF,38,1,18.1,3.5,7.6,.459,1.8,4.6,.386,1.7,3.0,.570,.576,0.9,0.9,.943,0.6,2.0,2.7,1.3,0.6,0.1,1.4,1.4,9.7,,sensabr01
189,Cam Whitmore,20,HOU,SF,31,0,16.9,3.7,8.5,.438,1.3,3.8,.328,2.5,4.7,.527,.511,1.0,1.4,.721,0.8,2.5,3.2,0.8,0.7,0.3,1.1,1.0,9.7,,whitmca01
190,Jose Alvarado,26,NOP,PG,27,7,22.2,3.2,8.0,.405,2.2,5.3,.410,1.0,2.6,.394,.542,1.0,1.3,.794,0.4,1.5,2.0,4.1,1.3,0.3,1.1,2.0,9.6,,alvarjo01
191,Scotty Pippen Jr.,24,MEM,PG,50,16,21.4,3.6,7.7,.465,0.9,2.8,.341,2.6,4.9,.534,.526,1.5,2.2,.673,0.8,2.6,3.4,4.7,1.2,0.4,1.8,2.6,9.6,,pippesc02
192,Gary Trent Jr.,26,MIL,SG,43,7,24.6,3.3,7.9,.426,2.2,5.2,.417,1.2,2.7,.443,.564,0.7,0.8,.889,0.2,2.1,2.3,1.0,1.0,0.0,0.6,1.8,9.6,,trentga02
193,Ziaire Williams,23,BRK,SF,36,19,23.5,3.2,7.9,.406,1.3,4.0,.329,1.9,4.0,.483,.488,1.8,2.3,.815,1.1,3.7,4.7,1.4,1.0,0.4,1.1,2.4,9.6,,willizi02
194,Jalen Wilson,24,BRK,PF,49,15,27.6,3.3,8.3,.394,1.4,4.5,.311,1.9,3.8,.492,.478,1.6,2.0,.833,1.0,2.4,3.5,1.9,0.5,0.0,1.1,2.2,9.6,,wilsoja03
195,Clint Capela,30,ATL,C,45,41,22.4,4.2,7.3,.573,0.0,0.0,,4.2,7.3,.573,.573,1.0,1.9,.541,3.3,5.7,9.0,1.2,0.6,1.0,1.0,2.0,9.4,,capelca01
196,Noah Clowney,20,BRK,PF,37,18,23.1,3.0,8.1,.375,2.0,5.6,.354,1.0,2.4,.422,.498,1.4,1.6,.850,0.9,3.0,3.9,0.8,0.5,0.5,1.0,2.4,9.4,,clownno01
197,Jaime Jaquez Jr.,23,MIA,SF,43,10,23.3,3.4,7.7,.442,0.6,2.0,.302,2.8,5.7,.492,.482,2.0,2.7,.757,1.3,3.5,4.7,2.7,1.1,0.2,1.5,1.6,9.4,,jaqueja01
198,Dalton Knecht,23,LAL,SF,48,12,20.7,3.4,7.4,.465,1.6,4.5,.358,1.8,2.9,.630,.574,1.0,1.2,.825,0.5,2.6,3.1,0.9,0.3,0.1,0.5,1.3,9.4,,knechda01
199,Chris Paul,39,SAS,PG,47,47,29.1,3.1,7.5,.416,1.7,4.8,.362,1.4,2.7,.512,.531,1.4,1.5,.958,0.5,3.7,4.1,8.2,1.3,0.2,1.6,1.9,9.4,,paulch01
200,Julian Strawther,22,DEN,SG,50,0,21.8,3.3,7.6,.439,1.5,4.2,.368,1.8,3.4,.527,.541,1.2,1.5,.822,0.3,1.8,2.1,1.3,0.7,0.3,0.8,2.3,9.4,,strawju01
201,Patrick Williams,23,CHI,PF,41,35,26.7,3.3,8.8,.380,1.7,4.6,.358,1.7,4.2,.404,.474,1.1,1.4,.804,0.8,3.4,4.2,2.2,0.8,0.6,1.4,1.3,9.4,,willipa01
202,Kevin Porter Jr.,24,LAC,SG,45,2,19.6,3.8,9.0,.423,0.6,2.4,.245,3.2,6.7,.485,.455,1.1,1.7,.645,0.6,2.9,3.6,3.2,1.0,0.2,1.9,1.6,9.3,,porteke02
203,Goga Bitadze,25,ORL,C,40,36,24.1,3.9,6.3,.614,0.1,0.5,.105,3.8,5.8,.655,.618,1.4,2.2,.651,2.8,5.5,8.3,2.4,0.9,1.6,1.4,2.3,9.2,,bitadgo01
204,Royce O'Neale,31,PHO,SF,43,11,25.2,3.3,7.7,.426,2.2,5.6,.402,1.0,2.1,.489,.571,0.4,0.5,.773,0.9,4.3,5.1,2.1,1.0,0.5,1.0,2.2,9.2,,onealro01
205,Marcus Smart,30,MEM,PG,18,6,21.2,2.9,7.9,.373,1.6,4.8,.333,1.3,3.1,.436,.475,1.7,2.0,.833,0.8,1.6,2.3,3.8,1.3,0.3,1.9,1.7,9.2,,smartma01
206,Cole Anthony,24,ORL,PG,46,8,17.0,3.4,8.0,.421,1.0,3.2,.317,2.4,4.8,.489,.484,1.3,1.7,.792,0.7,2.3,2.9,2.8,0.6,0.3,1.6,2.2,9.1,,anthoco01
207,Dereck Lively II,20,DAL,C,32,25,24.0,3.9,5.5,.701,0.0,0.0,,3.9,5.5,.701,.701,1.4,2.2,.638,3.1,4.8,7.8,2.6,0.5,1.7,1.2,2.9,9.1,,livelde01
208,Caleb Martin,29,PHI,SF,31,24,30.4,3.3,7.5,.435,1.1,2.8,.379,2.2,4.7,.469,.506,1.5,2.4,.622,1.4,3.0,4.4,2.2,1.1,0.6,1.4,2.0,9.1,,martica02
209,Miles McBride,24,NYK,PG,41,0,23.3,3.3,7.9,.422,1.7,4.6,.367,1.6,3.3,.500,.530,0.8,1.0,.829,0.8,1.6,2.4,2.7,0.9,0.2,0.7,1.4,9.1,,mcbrimi01
210,Nick Richards,27,2TM,C,30,17,22.0,3.2,5.7,.558,0.0,0.1,.000,3.2,5.7,.565,.558,2.6,3.8,.690,2.5,5.9,8.4,1.2,0.3,1.1,1.7,2.5,9.0,,richani01
210,Nick Richards,27,CHO,C,21,9,21.0,3.0,5.4,.561,0.0,0.0,.000,3.0,5.4,.566,.561,2.8,4.1,.678,2.4,5.1,7.5,1.3,0.3,1.2,1.6,2.3,8.9,,richani01
210,Nick Richards,27,PHO,C,9,8,24.3,3.6,6.4,.552,0.0,0.1,.000,3.6,6.3,.561,.552,2.1,2.9,.731,2.7,7.8,10.4,0.8,0.2,0.9,1.9,2.9,9.2,,richani01
211,Kentavious Caldwell-Pope,31,ORL,SG,48,48,30.7,3.2,7.7,.416,1.5,4.8,.311,1.7,2.9,.586,.512,1.2,1.4,.877,0.4,1.6,2.0,1.8,1.5,0.5,0.9,1.9,9.0,,caldwke01
212,GG Jackson II,20,MEM,PF,8,0,17.3,3.4,8.9,.380,1.3,4.6,.270,2.1,4.3,.500,.451,1.0,1.3,.800,0.9,2.8,3.6,0.9,0.6,0.3,1.4,1.0,9.0,,jacksgg01
213,Moses Moody,22,GSW,SG,42,5,18.2,3.1,6.9,.443,1.7,4.3,.400,1.4,2.6,.514,.567,1.1,1.5,.708,0.5,1.6,2.1,1.1,0.5,0.3,0.7,1.3,9.0,,moodymo01
214,Dorian Finney-Smith,31,2TM,PF,34,23,26.9,3.2,6.8,.468,2.0,4.7,.431,1.1,2.1,.549,.617,0.6,0.9,.655,1.3,2.6,3.9,1.3,0.9,0.4,0.8,2.5,8.9,,finnedo01
214,Dorian Finney-Smith,31,BRK,PF,20,20,29.0,3.7,8.0,.459,2.4,5.4,.435,1.3,2.6,.510,.607,0.8,1.2,.625,1.6,3.0,4.6,1.6,0.9,0.6,0.9,2.7,10.4,,finnedo01
214,Dorian Finney-Smith,31,LAL,PF,14,3,23.9,2.5,5.1,.486,1.6,3.7,.423,0.9,1.4,.650,.639,0.3,0.4,.800,0.9,2.1,3.1,0.9,0.8,0.0,0.7,2.2,6.9,,finnedo01
215,Brandin Podziemski,21,GSW,SG,36,8,24.0,3.3,7.8,.430,1.3,3.9,.336,2.0,3.9,.525,.514,0.9,1.1,.800,1.0,3.5,4.5,3.3,1.0,0.2,1.1,1.5,8.9,,podzibr01
216,Anthony Black,21,ORL,PG,47,9,24.9,3.1,7.7,.403,0.6,2.3,.266,2.5,5.3,.462,.443,2.0,2.7,.742,0.6,2.1,2.6,3.4,1.0,0.5,1.9,2.3,8.8,,blackan01
217,Georges Niang,31,CLE,PF,50,1,20.6,3.3,6.8,.478,1.8,4.4,.403,1.5,2.4,.617,.609,0.5,0.6,.793,0.7,3.0,3.7,1.3,0.3,0.1,0.9,2.5,8.8,,niangge01
218,Nickeil Alexander-Walker,26,MIN,SG,50,4,23.7,3.1,7.1,.442,1.7,4.2,.396,1.4,2.8,.511,.561,0.8,1.0,.731,0.6,2.3,2.9,2.4,0.6,0.3,1.2,1.7,8.7,,alexani01
219,Yves Missi,20,NOP,C,47,41,27.1,3.4,6.3,.551,0.0,0.0,.000,3.4,6.2,.553,.551,1.8,2.7,.651,3.6,4.5,8.1,1.4,0.6,1.5,1.2,2.1,8.7,,missiyv01
220,Max Christie,21,2TM,SG,47,25,25.2,2.8,6.3,.449,1.4,3.6,.383,1.5,2.7,.535,.557,1.6,1.9,.843,0.6,2.2,2.8,1.5,0.8,0.4,0.9,1.6,8.6,,chrisma02
220,Max Christie,21,LAL,SG,46,25,25.1,2.8,6.3,.444,1.3,3.5,.368,1.5,2.7,.544,.549,1.6,1.9,.851,0.5,2.1,2.7,1.4,0.8,0.5,0.8,1.6,8.5,,chrisma02
220,Max Christie,21,DAL,SG,1,0,32.0,5.0,8.0,.625,4.0,4.0,1.000,1.0,4.0,.250,.875,1.0,2.0,.500,2.0,7.0,9.0,3.0,1.0,0.0,2.0,2.0,15.0,,chrisma02
221,Wendell Carter Jr.,25,ORL,C,38,26,25.8,3.1,6.9,.441,0.4,2.3,.186,2.6,4.7,.565,.471,2.1,2.9,.727,1.8,5.4,7.3,2.4,0.8,0.5,1.0,2.7,8.6,,cartewe01
222,Jusuf Nurkić,30,PHO,C,25,23,23.7,3.0,6.5,.454,0.8,2.4,.322,2.2,4.2,.529,.512,1.9,2.8,.696,1.8,7.3,9.2,1.9,0.9,0.6,2.3,3.1,8.6,,nurkiju01
223,Kel'el Ware,20,MIA,C,33,7,18.1,3.6,6.4,.562,0.8,1.8,.410,2.8,4.5,.624,.621,0.7,1.0,.727,1.2,4.0,5.2,0.6,0.6,1.0,0.7,1.3,8.6,,wareke01
224,Dalano Banton,25,POR,PG,39,0,15.3,3.0,7.4,.410,1.2,3.2,.357,1.9,4.2,.451,.488,1.3,1.9,.703,0.3,1.6,1.9,2.1,0.7,0.5,1.2,0.9,8.5,,bantoda01
225,Tristan Da Silva,23,ORL,SF,47,35,25.9,3.2,7.6,.421,1.3,3.8,.330,2.0,3.8,.511,.503,0.8,1.0,.848,1.3,2.8,4.0,1.7,0.5,0.2,0.9,1.5,8.5,,dasiltr01
226,Larry Nance Jr.,32,ATL,PF,20,3,19.3,3.3,6.5,.512,1.5,3.2,.453,1.9,3.3,.569,.624,0.4,0.5,.800,1.0,3.5,4.5,1.6,1.0,0.6,0.7,1.5,8.5,,nancela02
227,Aaron Nesmith,25,IND,SF,14,8,21.0,2.9,5.7,.513,1.1,2.4,.441,1.9,3.3,.565,.606,1.6,1.8,.880,0.5,2.9,3.4,1.1,0.6,0.3,0.8,2.8,8.5,,nesmiaa01
228,Bruce Brown,28,TOR,PG,17,0,19.7,3.2,7.2,.443,0.6,1.9,.333,2.5,5.2,.483,.488,1.4,1.6,.889,0.9,2.9,3.8,1.6,0.9,0.2,1.1,1.5,8.4,,brownbr01
229,Carlton Carrington,19,WAS,PG,49,34,28.8,3.1,8.0,.387,1.5,4.5,.327,1.6,3.5,.462,.478,0.7,0.9,.810,0.4,3.5,3.9,3.8,0.7,0.2,1.4,2.4,8.4,,carrica01
230,Jaden Hardy,22,DAL,SG,39,3,15.6,3.1,7.1,.430,1.3,3.4,.386,1.7,3.7,.469,.522,0.9,1.3,.740,0.2,1.4,1.6,1.4,0.5,0.1,1.5,1.6,8.4,,hardyja02
231,Jaylen Nowell,25,NOP,SG,8,0,21.0,3.3,9.1,.356,1.0,3.4,.296,2.3,5.8,.391,.411,0.9,1.4,.636,0.8,1.8,2.5,2.3,0.1,0.5,1.0,1.1,8.4,,nowelja01
232,Draymond Green,34,GSW,PF,35,33,27.9,2.9,7.0,.416,1.3,3.7,.357,1.6,3.3,.483,.510,1.1,1.9,.597,1.0,5.0,6.0,5.5,1.0,1.1,2.5,3.0,8.3,,greendr01
233,Jalen Smith,24,CHI,C,46,1,15.3,3.0,6.3,.467,1.2,3.5,.346,1.8,2.9,.614,.562,1.2,1.5,.836,1.5,4.2,5.6,0.9,0.3,0.8,0.6,1.5,8.3,,smithja04
234,Ausar Thompson,22,DET,SF,28,17,20.1,3.4,6.7,.513,0.3,1.1,.219,3.2,5.5,.574,.532,1.1,1.9,.615,1.5,3.3,4.8,1.7,1.5,0.5,1.4,2.6,8.3,,thompau01
235,Tyrese Martin,25,BRK,SG,32,6,21.3,3.0,7.5,.402,1.6,4.5,.354,1.4,3.0,.474,.508,0.6,0.9,.679,1.1,2.9,4.0,1.8,0.4,0.2,1.3,1.1,8.2,,martity01
236,Mike Conley,37,MIN,PG,45,39,25.0,2.5,6.9,.367,1.8,4.6,.382,0.8,2.3,.337,.494,1.2,1.4,.903,0.5,2.1,2.6,4.5,1.3,0.2,1.1,1.5,8.1,,conlemi01
237,Peyton Watson,22,DEN,SF,48,12,24.1,2.9,6.2,.471,0.7,2.0,.340,2.3,4.2,.532,.525,1.6,2.1,.752,0.8,2.6,3.4,1.5,0.9,1.2,0.9,1.7,8.1,,watsope01
238,Justin Edwards,21,PHI,SF,20,5,23.6,3.0,6.5,.465,1.5,4.0,.363,1.6,2.5,.633,.578,0.5,0.8,.667,1.0,2.1,3.1,1.4,0.8,0.4,0.9,2.2,8.0,,edwarju01
239,Al Horford,38,BOS,C,39,25,26.3,2.9,7.1,.410,1.8,5.1,.350,1.2,2.1,.556,.534,0.4,0.4,.875,1.1,4.2,5.3,1.9,0.6,0.9,0.7,1.5,8.0,,horfoal01
240,Trayce Jackson-Davis,24,GSW,C,46,37,19.5,3.4,6.0,.568,0.0,0.0,.000,3.4,6.0,.570,.568,1.1,1.9,.605,2.3,3.8,6.2,2.1,0.5,0.7,0.8,1.4,8.0,,jackstr02
241,Kevin Huerter,26,SAC,SG,43,15,20.9,3.0,7.2,.413,1.4,4.8,.302,1.5,2.4,.629,.513,0.5,0.7,.714,0.4,2.3,2.8,1.7,0.8,0.4,0.9,1.6,7.9,,huertke01
242,Jay Huff,26,MEM,C,43,1,13.1,2.8,5.3,.524,1.5,3.5,.417,1.3,1.8,.737,.663,0.9,1.1,.771,0.5,1.7,2.3,0.7,0.3,0.9,0.7,1.4,7.9,,huffja01
243,Garrison Mathews,28,ATL,SG,41,2,18.3,2.2,5.6,.394,1.9,4.8,.393,0.3,0.9,.400,.561,1.5,1.9,.829,0.3,1.6,1.9,1.3,0.6,0.3,0.7,1.8,7.9,,mathega01
244,Day'Ron Sharpe,23,BRK,C,28,0,17.4,3.1,6.3,.500,0.2,1.0,.172,3.0,5.3,.565,.514,1.4,1.9,.769,2.9,3.2,6.1,1.5,0.8,0.6,1.2,2.1,7.9,,sharpda01
245,Trendon Watford,24,BRK,PF,16,0,16.3,2.8,6.4,.431,0.6,1.9,.290,2.2,4.4,.493,.475,1.9,2.3,.811,0.4,2.6,3.0,1.3,0.4,0.3,1.3,2.3,7.9,,watfotr01
246,Brandon Clarke,28,MEM,PF,46,18,18.8,3.5,5.7,.615,0.0,0.3,.063,3.5,5.3,.650,.616,0.8,1.2,.679,1.8,3.2,5.0,1.0,0.9,0.5,0.6,2.5,7.8,,clarkbr01
247,A.J. Green,25,MIL,SG,41,5,21.8,2.6,5.9,.444,2.2,5.1,.435,0.4,0.8,.500,.633,0.3,0.4,.867,0.3,2.0,2.3,1.3,0.5,0.1,0.6,2.1,7.8,,greenaj01
248,Cody Martin,29,CHO,SF,39,8,24.8,3.0,6.9,.433,1.0,3.2,.323,1.9,3.7,.528,.507,0.9,1.3,.694,1.0,3.5,4.5,2.3,1.1,0.7,1.1,1.8,7.8,,martico01
249,Max Strus,28,CLE,SF,22,9,24.4,2.8,6.7,.419,2.0,5.3,.371,0.9,1.5,.594,.564,0.2,0.3,.714,0.8,3.5,4.2,3.0,0.6,0.4,1.0,2.0,7.8,,strusma01
250,Justin Champagnie,23,WAS,SF,31,13,18.8,3.0,5.9,.511,1.1,2.8,.379,1.9,3.1,.632,.602,0.6,0.9,.655,1.5,3.1,4.6,1.0,1.0,0.6,0.8,1.8,7.7,,champju01
251,Keon Ellis,25,SAC,SG,47,11,21.7,2.5,5.4,.469,1.6,3.8,.430,0.9,1.6,.560,.620,0.9,1.1,.863,0.8,1.6,2.4,1.3,1.4,0.8,0.8,1.9,7.6,,elliske01
252,Kyshawn George,21,WAS,SG,44,14,25.4,2.5,7.3,.347,1.5,5.1,.286,1.1,2.3,.485,.446,0.9,1.2,.774,0.8,2.9,3.7,2.2,0.8,0.6,1.3,2.9,7.5,,georgky01
253,Josh Green,24,CHO,SG,44,43,28.7,2.7,6.0,.440,1.5,3.5,.416,1.2,2.5,.473,.560,0.8,1.1,.708,1.0,1.8,2.8,1.5,1.1,0.3,0.9,2.7,7.5,,greenjo02
254,Sam Hauser,27,BOS,PF,42,7,19.9,2.7,6.1,.440,2.1,5.3,.398,0.6,0.9,.694,.611,0.0,0.0,1.000,0.6,2.3,3.0,1.0,0.7,0.2,0.4,1.1,7.5,,hausesa01
255,Jake LaRavia,23,MEM,PF,46,0,21.2,2.6,5.2,.492,0.9,2.0,.444,1.7,3.3,.520,.575,1.5,2.0,.713,1.5,3.0,4.5,2.9,1.0,0.4,1.5,2.0,7.5,,laravja01
256,Vasilije Micić,31,CHO,PG,36,16,21.2,2.6,7.6,.348,1.3,3.5,.360,1.4,4.1,.338,.430,0.9,1.1,.829,0.6,1.9,2.4,3.5,0.4,0.0,2.1,1.2,7.5,,micicva01
257,Taurean Prince,30,MIL,SF,48,41,25.6,2.7,6.0,.449,1.8,3.9,.454,0.9,2.1,.441,.596,0.4,0.5,.792,0.5,3.2,3.7,2.1,0.8,0.1,1.0,2.0,7.5,,princta02
258,Ja'Kobe Walter,20,TOR,SG,31,8,18.9,2.7,6.7,.397,1.0,3.3,.307,1.7,3.5,.481,.471,1.0,1.5,.696,0.7,1.7,2.4,1.4,0.6,0.2,0.8,1.8,7.4,,walteja01
259,Eric Gordon,36,PHI,SG,36,13,20.1,2.4,5.3,.445,1.5,3.6,.426,0.8,1.7,.484,.589,1.0,1.3,.750,0.2,0.9,1.1,1.6,0.7,0.3,0.7,0.8,7.3,,gordoer01
260,Johnny Juzang,23,UTA,SG,32,5,17.8,2.5,5.9,.418,1.7,4.2,.400,0.8,1.7,.463,.561,0.7,0.8,.880,0.6,2.2,2.8,1.0,0.4,0.2,0.5,1.9,7.3,,juzanjo01
261,Cason Wallace,21,OKC,SG,46,32,27.4,3.0,6.8,.442,1.0,2.9,.333,2.0,3.8,.525,.514,0.3,0.4,.778,1.1,2.4,3.5,2.4,1.8,0.6,0.7,2.2,7.3,,wallaca01
262,Lonzo Ball,27,CHI,PG,30,9,21.6,2.4,6.5,.362,1.8,5.4,.340,0.5,1.1,.471,.503,0.6,0.7,.857,0.7,2.8,3.4,3.5,1.5,0.5,1.2,1.7,7.2,,balllo01
263,Bones Hyland,24,LAC,PG,20,0,11.1,2.3,5.8,.391,1.6,4.0,.388,0.7,1.8,.400,.526,1.2,1.3,.885,0.3,1.0,1.2,1.4,0.9,0.2,1.2,1.3,7.2,,hylanbo01
264,Sam Merrill,28,CLE,SG,42,2,18.7,2.4,6.0,.391,1.9,5.2,.356,0.5,0.8,.618,.545,0.6,0.6,.962,0.5,1.4,1.9,1.6,0.6,0.2,0.5,1.7,7.2,,merrisa01
265,Cameron Payne,30,NYK,PG,45,1,14.3,2.5,5.9,.419,1.4,3.7,.389,1.0,2.2,.470,.541,0.7,0.8,.892,0.2,1.2,1.4,2.5,0.6,0.2,0.6,1.6,7.2,,payneca01
266,Andre Drummond,31,PHI,C,28,16,19.2,2.9,5.7,.509,0.0,0.4,.091,2.9,5.3,.541,.513,1.3,2.2,.574,2.5,5.1,7.6,0.6,1.1,0.4,1.7,2.4,7.1,,drumman01
267,Isaiah Jackson,23,IND,C,5,1,16.8,2.8,4.6,.609,0.0,0.0,,2.8,4.6,.609,.609,1.4,2.8,.500,2.2,3.4,5.6,1.0,0.6,1.6,1.0,2.8,7.0,,jacksis01
268,Kelly Olynyk,33,TOR,C,23,1,15.6,2.4,4.7,.523,0.8,1.7,.474,1.7,3.0,.551,.607,1.4,1.8,.780,1.0,2.6,3.6,2.3,0.7,0.3,1.5,2.3,7.0,,olynyke01
269,Nick Smith Jr.,20,CHO,SG,29,10,17.2,2.7,7.0,.384,1.3,3.9,.345,1.3,3.1,.433,.480,0.3,0.3,.889,0.2,1.7,1.9,1.6,0.4,0.2,0.9,1.0,7.0,,smithni01
270,Josh Okogie,26,2TM,SG,32,2,15.6,2.5,5.2,.473,0.8,2.0,.385,1.7,3.2,.529,.548,1.2,1.6,.725,1.3,1.7,3.0,0.8,1.3,0.5,0.8,1.2,6.9,,okogijo01
270,Josh Okogie,26,PHO,SG,25,1,14.0,2.2,4.6,.491,0.6,1.7,.381,1.6,2.9,.556,.561,0.9,1.3,.688,1.3,1.6,2.9,0.6,0.8,0.4,0.6,1.1,6.0,,okogijo01
270,Josh Okogie,26,CHO,SG,7,1,21.3,3.3,7.6,.434,1.3,3.3,.391,2.0,4.3,.467,.519,2.1,2.7,.789,1.3,2.1,3.4,1.4,2.7,0.7,1.3,1.6,10.0,,okogijo01
271,Jared Butler,24,WAS,PG,32,0,11.3,2.7,5.5,.483,0.5,1.3,.366,2.2,4.2,.519,.526,1.1,1.4,.778,0.4,0.8,1.3,2.6,0.4,0.2,0.9,1.3,6.9,,butleja02
272,Ricky Council IV,23,PHI,SF,41,4,15.5,2.3,5.5,.419,0.7,2.4,.309,1.6,3.2,.500,.485,1.5,1.9,.808,0.7,1.8,2.5,1.2,0.5,0.2,0.6,1.0,6.9,,councri01
273,Torrey Craig,34,CHI,SF,9,1,12.6,2.4,5.0,.489,1.7,3.9,.429,0.8,1.1,.700,.656,0.3,0.4,.750,0.9,1.9,2.8,0.6,0.2,0.1,0.0,1.7,6.9,,craigto01
274,Ryan Dunn,22,PHO,SF,44,27,19.5,2.8,6.3,.448,1.0,3.3,.315,1.8,3.0,.590,.529,0.2,0.5,.476,1.0,2.4,3.4,1.0,0.5,0.6,0.4,2.4,6.9,,dunnry01
275,Quinten Post,24,GSW,PF,11,3,13.5,2.5,5.7,.429,1.4,3.6,.375,1.1,2.1,.522,.548,0.6,0.6,1.000,0.8,2.4,3.2,1.6,0.2,0.3,0.6,2.0,6.9,,postqu01
276,Elfrid Payton,30,NOP,PG,7,3,20.6,3.3,6.6,.500,0.0,0.1,.000,3.3,6.4,.511,.500,0.1,0.3,.500,0.7,2.7,3.4,6.9,1.4,0.4,2.9,1.4,6.7,,paytoel01
277,Haywood Highsmith,28,MIA,SF,46,37,24.1,2.5,5.2,.477,1.2,3.1,.397,1.3,2.2,.590,.593,0.4,0.6,.692,0.8,2.3,3.2,1.2,0.9,0.6,0.7,2.1,6.6,,highsha01
278,Vit Krejci,24,ATL,PG,35,15,20.3,2.4,5.5,.435,1.3,3.6,.370,1.0,1.8,.563,.558,0.5,0.8,.704,0.4,2.0,2.4,2.5,0.7,0.5,0.9,2.0,6.6,,krejcvi01
279,Precious Achiuwa,25,NYK,C,30,3,20.5,2.8,5.1,.546,0.3,0.7,.381,2.5,4.4,.573,.572,0.7,1.2,.611,2.1,3.8,5.8,1.0,1.0,0.8,0.8,1.6,6.5,,achiupr01
280,Trey Lyles,29,SAC,PF,39,2,19.9,2.2,5.6,.399,1.3,3.8,.336,0.9,1.8,.536,.514,0.8,1.1,.738,1.1,3.7,4.8,1.0,0.6,0.5,0.6,1.2,6.5,,lylestr01
281,Simone Fontecchio,29,DET,SF,45,0,17.8,2.1,5.3,.399,1.1,3.2,.336,1.0,2.0,.500,.502,1.1,1.3,.814,0.7,2.2,2.9,0.9,0.4,0.2,0.8,1.3,6.4,,fontesi01
282,KJ Martin,24,PHI,PF,24,7,20.0,2.5,4.1,.616,0.3,0.9,.381,2.2,3.3,.679,.657,1.0,1.2,.828,0.9,2.1,3.0,0.8,0.5,0.7,0.5,2.6,6.4,,martike04
283,Ajay Mitchell,22,OKC,SG,34,1,16.5,2.5,4.9,.506,0.6,1.5,.431,1.8,3.4,.539,.572,0.8,1.0,.848,0.5,1.5,2.0,1.7,0.7,0.1,0.8,1.7,6.4,,mitchaj01
284,Shake Milton,28,2TM,SG,38,1,16.3,2.3,4.9,.465,0.8,2.2,.365,1.4,2.6,.550,.549,0.9,1.2,.800,0.5,1.3,1.8,2.1,0.4,0.1,0.7,1.4,6.3,,miltosh01
284,Shake Milton,28,BRK,SG,27,1,18.2,2.7,5.8,.465,1.0,2.7,.389,1.7,3.1,.529,.554,0.9,1.2,.758,0.6,1.3,1.9,2.4,0.6,0.0,0.7,1.6,7.4,,miltosh01
284,Shake Milton,28,LAL,SG,11,0,11.6,1.2,2.5,.464,0.3,1.2,.231,0.9,1.4,.667,.518,1.0,1.1,.917,0.4,1.3,1.6,1.5,0.2,0.1,0.7,0.9,3.6,,miltosh01
285,Ron Holland,19,DET,SF,50,1,15.4,2.4,5.3,.458,0.5,2.0,.263,1.9,3.3,.576,.508,1.0,1.2,.790,0.5,2.3,2.8,0.8,0.6,0.1,0.9,1.8,6.3,,hollaro01
286,Davion Mitchell,26,TOR,PG,43,22,24.7,2.4,5.6,.427,1.0,2.7,.357,1.4,2.9,.492,.513,0.6,0.8,.667,0.4,1.6,2.0,4.6,0.7,0.2,1.8,2.6,6.3,,mitchda01
287,Ben Simmons,28,BRK,PG,32,24,25.2,2.8,5.2,.552,0.0,0.0,,2.8,5.2,.552,.552,0.6,0.8,.692,0.9,4.3,5.2,7.0,0.8,0.5,2.8,2.5,6.3,,simmobe01
288,Jonathan Isaac,27,ORL,PF,45,0,16.6,2.2,5.4,.409,0.6,2.6,.250,1.6,2.8,.556,.469,1.1,1.7,.667,1.9,3.0,4.9,0.5,0.8,1.3,0.4,1.4,6.2,,isaacjo01
289,Dru Smith,27,MIA,SG,14,1,19.1,2.2,4.4,.508,1.1,2.1,.533,1.1,2.2,.484,.639,0.6,0.9,.750,0.9,1.7,2.6,1.6,1.5,0.4,1.2,2.1,6.2,,smithdr01
290,Jarace Walker,21,IND,PF,48,1,16.7,2.3,4.8,.470,0.9,2.5,.378,1.3,2.4,.566,.567,0.7,1.2,.625,0.4,2.9,3.2,1.5,0.9,0.4,1.1,1.7,6.2,,walkeja02
291,Thomas Bryant,27,2TM,C,33,2,13.7,2.3,4.4,.521,0.8,2.0,.379,1.5,2.4,.638,.606,0.8,0.9,.862,1.2,2.3,3.6,0.8,0.5,0.6,0.4,0.9,6.1,,bryanth01
291,Thomas Bryant,27,MIA,C,10,0,11.5,1.2,2.8,.429,0.6,1.7,.353,0.6,1.1,.545,.536,1.1,1.1,1.000,0.6,2.6,3.2,0.4,0.1,0.9,0.2,0.9,4.1,,bryanth01
291,Thomas Bryant,27,IND,C,23,2,14.6,2.8,5.1,.542,0.8,2.1,.388,2.0,3.0,.652,.623,0.6,0.8,.778,1.5,2.2,3.7,1.0,0.7,0.5,0.4,0.9,7.0,,bryanth01
292,Kyle Filipowski,21,UTA,C,38,8,18.1,2.2,4.7,.480,0.6,1.9,.306,1.7,2.8,.600,.542,1.0,1.6,.627,1.0,3.7,4.7,1.8,0.6,0.1,1.0,1.9,6.0,,filipky01
293,Javonte Green,31,NOP,SG,45,17,22.2,2.0,4.6,.449,0.8,2.1,.368,1.3,2.4,.518,.534,1.1,1.5,.758,1.1,2.5,3.6,0.9,1.1,0.6,0.6,1.5,6.0,,greenja02
294,Terance Mann,28,LAC,SG,37,12,19.8,2.4,5.3,.446,0.7,2.0,.347,1.6,3.2,.508,.513,0.6,0.9,.719,0.9,2.0,2.9,1.6,0.8,0.3,0.7,1.8,6.0,,mannte01
295,Dean Wade,28,CLE,PF,35,26,22.8,2.1,5.1,.408,1.5,4.3,.349,0.6,0.9,.700,.553,0.4,0.7,.520,1.0,4.1,5.1,1.6,0.9,0.5,0.3,1.9,6.0,,wadede01
296,Jaylin Williams,22,OKC,PF,21,5,16.9,2.2,5.3,.423,1.3,3.6,.355,1.0,1.7,.571,.545,0.3,0.3,1.000,1.3,4.0,5.3,2.4,0.5,0.7,0.7,1.9,6.0,,willija07
297,James Wiseman,23,IND,C,1,0,5.0,2.0,4.0,.500,0.0,1.0,.000,2.0,3.0,.667,.500,2.0,2.0,1.000,0.0,1.0,1.0,0.0,0.0,0.0,0.0,0.0,6.0,,wisemja01
298,Isaiah Collier,20,UTA,PG,40,15,22.4,2.4,6.1,.392,0.5,2.0,.222,2.0,4.1,.476,.429,0.7,1.1,.619,0.3,2.5,2.8,5.2,0.8,0.2,2.7,2.2,5.9,,colliis01
299,Kris Dunn,30,LAC,PG,43,29,22.5,2.4,5.8,.418,0.9,3.1,.295,1.5,2.8,.555,.496,0.1,0.3,.500,0.7,2.6,3.3,2.7,1.5,0.3,1.1,2.5,5.9,,dunnkr01
300,Talen Horton-Tucker,24,CHI,SG,40,0,11.5,2.1,4.6,.457,0.8,2.0,.383,1.3,2.6,.515,.541,0.9,1.2,.729,0.4,1.4,1.7,1.3,0.4,0.2,0.7,1.0,5.9,,hortota01
301,Marcus Sasser,24,DET,PG,39,0,14.0,2.3,4.9,.461,0.8,2.5,.337,1.4,2.4,.591,.547,0.6,0.6,.917,0.3,0.9,1.3,2.2,0.6,0.1,0.9,1.3,5.9,,sassema01
302,Keaton Wallace,25,ATL,PG,22,3,17.5,2.2,5.3,.422,1.0,2.7,.350,1.3,2.5,.500,.513,0.5,0.5,1.000,0.2,1.3,1.5,2.4,1.0,0.3,1.2,1.4,5.9,,wallake01
303,Matas Buzelis,20,CHI,SF,49,0,13.9,2.1,4.9,.429,0.9,2.4,.376,1.2,2.5,.480,.521,0.7,0.8,.829,0.6,2.2,2.8,0.4,0.2,0.8,0.6,1.4,5.8,,buzelma01
304,Rob Dillingham,20,MIN,PG,25,0,11.4,2.4,4.8,.500,0.8,1.9,.438,1.6,2.9,.542,.588,0.1,0.3,.429,0.2,0.9,1.1,2.4,0.3,0.0,1.4,0.9,5.8,,dilliro01
305,Kevin Love,36,MIA,PF,18,6,11.1,1.9,5.5,.354,1.2,3.2,.362,0.8,2.3,.341,.460,0.7,1.1,.684,0.9,3.2,4.2,1.1,0.8,0.1,0.7,0.9,5.8,,loveke01
306,Isaac Okoro,24,CLE,SG,28,16,19.7,2.0,4.7,.427,1.1,2.8,.397,0.9,1.9,.472,.546,0.6,0.9,.720,0.8,1.3,2.1,1.6,0.7,0.4,0.4,2.0,5.8,,okorois01
307,Kenrich Williams,30,OKC,PF,37,1,14.3,2.3,4.6,.497,0.8,2.2,.366,1.5,2.4,.621,.586,0.4,0.5,.882,0.9,2.5,3.3,1.0,0.6,0.1,0.6,1.6,5.8,,willike04
308,Drew Eubanks,27,2TM,C,38,4,15.1,2.3,3.8,.610,0.1,0.1,.600,2.3,3.7,.610,.620,0.9,1.5,.632,1.1,3.4,4.4,1.2,0.3,0.8,0.8,1.2,5.7,,eubandr01
308,Drew Eubanks,27,UTA,C,37,4,15.4,2.4,3.9,.607,0.1,0.1,.600,2.3,3.8,.607,.617,1.0,1.5,.632,1.1,3.5,4.5,1.2,0.3,0.9,0.8,1.2,5.8,,eubandr01
308,Drew Eubanks,27,LAC,C,1,0,7.0,1.0,1.0,1.000,0.0,0.0,,1.0,1.0,1.000,1.000,0.0,0.0,,0.0,1.0,1.0,0.0,0.0,0.0,0.0,0.0,2.0,,eubandr01
309,Alec Burks,33,MIA,SG,26,0,16.2,1.8,4.3,.411,1.4,3.2,.429,0.4,1.1,.357,.571,0.8,1.0,.808,0.3,1.8,2.1,1.1,0.6,0.2,0.3,0.7,5.7,,burksal01
310,Quenton Jackson,26,IND,PG,18,7,14.1,2.2,4.2,.513,0.5,1.3,.375,1.7,2.9,.577,.572,0.8,1.2,.714,0.6,0.9,1.5,1.7,0.5,0.3,0.6,1.8,5.7,,jacksqu01
311,Jamal Shead,22,TOR,PG,44,0,16.8,2.2,5.2,.421,0.8,2.3,.350,1.4,2.9,.477,.498,0.5,0.7,.759,0.3,0.9,1.2,3.5,0.6,0.1,1.5,1.8,5.7,,sheadja01
312,Robert Williams,27,POR,C,18,3,17.7,2.4,3.8,.632,0.1,0.2,.333,2.3,3.6,.646,.640,0.8,0.9,.882,1.8,4.2,6.0,1.1,0.6,1.7,0.9,1.6,5.7,,williro04
313,Jeremiah Robinson-Earl,24,NOP,PF,41,6,18.0,2.1,4.8,.444,0.7,2.2,.304,1.5,2.6,.566,.515,0.6,0.7,.862,1.8,3.0,4.8,1.2,0.7,0.1,0.7,1.3,5.6,,robinje02
314,Ben Sheppard,23,IND,SG,35,8,20.5,2.0,5.0,.408,1.2,3.5,.355,0.8,1.5,.528,.532,0.3,0.4,.846,0.7,1.9,2.6,1.3,0.6,0.3,0.3,2.2,5.6,,sheppbe01
315,Jamison Battle,23,TOR,SF,34,0,12.6,1.9,4.2,.458,1.3,3.1,.415,0.6,1.1,.583,.613,0.4,0.4,.857,0.6,1.3,1.8,0.9,0.1,0.1,0.4,1.1,5.5,,battlja01
316,Alex Caruso,30,OKC,SG,28,0,19.0,2.1,5.5,.383,0.9,3.2,.292,1.2,2.3,.508,.468,0.3,0.4,.750,0.6,2.1,2.7,2.5,1.8,0.5,0.6,1.9,5.5,,carusal01
317,Seth Curry,34,CHO,SG,40,8,13.6,2.1,4.2,.488,1.0,2.2,.466,1.0,2.0,.513,.610,0.4,0.4,.882,0.4,1.0,1.4,0.6,0.4,0.1,0.4,0.9,5.5,,curryse01
318,Isaiah Stewart,23,DET,C,45,3,20.2,2.3,4.3,.528,0.2,0.7,.242,2.1,3.6,.588,.549,0.8,1.0,.818,2.0,3.8,5.8,1.7,0.4,1.2,0.9,2.5,5.5,,stewais01
319,Lindy Waters III,27,GSW,SG,38,9,17.2,2.0,5.4,.371,1.3,3.9,.331,0.7,1.5,.474,.490,0.2,0.3,.727,0.4,2.1,2.6,1.1,0.6,0.3,0.4,1.4,5.5,,waterli01
320,KJ Simpson,22,CHO,PG,17,0,17.4,1.8,6.4,.278,0.4,2.8,.149,1.4,3.6,.377,.310,1.4,1.8,.800,1.2,1.2,2.4,2.2,0.7,0.2,1.1,1.5,5.4,,simpskj01
321,Kyle Anderson,31,GSW,PF,36,3,15.0,2.1,4.7,.450,0.5,1.4,.365,1.6,3.3,.487,.506,0.5,0.8,.667,0.8,2.3,3.1,2.3,0.7,0.6,0.6,1.1,5.3,,anderky01
322,Kobe Bufkin,21,ATL,SG,10,0,12.4,1.8,4.7,.383,0.4,1.9,.211,1.4,2.8,.500,.426,1.3,1.8,.722,0.5,1.6,2.1,1.7,0.3,0.2,0.8,0.9,5.3,,bufkiko01
323,Jaxson Hayes,24,LAL,C,27,6,17.1,2.1,3.2,.663,0.0,0.1,.000,2.1,3.1,.679,.663,1.1,1.5,.750,1.3,2.7,4.1,0.9,0.5,0.9,0.7,2.1,5.3,,hayesja02
324,DaQuan Jeffries,27,CHO,SG,16,0,16.6,1.9,4.3,.449,0.9,2.5,.375,1.0,1.8,.552,.558,0.4,0.5,.875,0.8,1.9,2.6,0.9,0.7,0.4,0.4,1.9,5.3,,jeffrda01
325,Vince Williams Jr.,24,MEM,SG,3,0,15.0,2.3,6.3,.368,0.3,2.7,.125,2.0,3.7,.545,.395,0.3,1.3,.250,1.3,2.3,3.7,3.0,0.0,0.7,2.3,3.0,5.3,,willivi01
326,Isaiah Wong,24,CHO,SG,17,0,12.3,1.7,4.9,.349,0.5,1.6,.333,1.2,3.3,.357,.404,1.4,1.9,.719,0.8,0.9,1.8,1.4,0.5,0.0,0.9,1.1,5.3,,wongis01
327,Kevon Looney,28,GSW,C,43,6,16.3,2.2,4.3,.522,0.0,0.0,.000,2.2,4.2,.527,.522,0.7,1.4,.500,2.9,4.0,6.9,1.8,0.7,0.4,0.6,2.2,5.2,,looneke01
328,Gary Payton II,32,GSW,SG,38,10,13.7,2.2,4.0,.542,0.3,1.2,.213,1.9,2.8,.689,.575,0.5,0.7,.714,0.9,2.1,3.1,1.3,0.7,0.3,0.7,1.6,5.2,,paytoga02
329,Donovan Clingan,20,POR,C,37,10,16.0,2.1,4.1,.523,0.2,0.6,.273,2.0,3.5,.566,.543,0.7,1.0,.694,2.7,3.8,6.4,0.7,0.4,1.5,1.2,2.6,5.1,,clingdo01
330,Luke Kornet,29,BOS,C,45,6,16.8,2.0,3.2,.648,0.0,0.0,,2.0,3.2,.648,.648,1.0,1.3,.763,2.2,2.7,4.9,1.5,0.5,0.9,0.4,1.4,5.1,,kornelu01
331,Jonathan Mogbo,23,TOR,PF,37,6,16.5,1.9,4.2,.468,0.2,0.7,.320,1.7,3.5,.496,.494,0.9,1.3,.714,1.7,2.4,4.1,1.5,0.7,0.5,0.8,1.8,5.1,,mogbojo01
332,Neemias Queta,25,BOS,C,39,5,14.6,2.2,3.2,.667,0.0,0.1,.000,2.2,3.2,.677,.667,0.8,1.1,.727,1.4,2.3,3.7,0.7,0.3,0.7,0.6,1.8,5.1,,quetane01
333,Gabe Vincent,28,LAL,PG,41,5,20.1,2.0,4.9,.400,1.1,3.3,.338,0.8,1.6,.531,.515,0.1,0.2,.500,0.3,1.0,1.3,1.3,0.7,0.2,0.6,2.0,5.1,,vincega01
334,Mouhamed Gueye,22,ATL,PF,5,2,13.6,2.4,6.2,.387,0.2,2.8,.071,2.2,3.4,.647,.403,0.0,0.2,.000,0.6,2.4,3.0,0.4,1.0,0.4,0.2,0.8,5.0,,gueyemo02
335,Monte Morris,29,PHO,PG,38,0,13.0,1.8,4.2,.416,0.6,1.8,.304,1.2,2.4,.500,.481,0.9,1.1,.850,0.3,1.2,1.4,1.7,0.4,0.1,0.4,0.5,5.0,,morrimo01
336,Trevelin Queen,27,ORL,SG,21,2,15.8,1.9,4.9,.392,0.8,2.6,.296,1.1,2.3,.500,.471,0.4,0.5,.818,0.8,0.9,1.6,1.4,1.0,0.4,0.9,1.6,5.0,,queentr01
337,Ryan Rollins,22,MIL,PG,32,6,12.1,1.9,4.1,.469,0.6,1.8,.357,1.3,2.3,.554,.546,0.6,0.7,.818,0.3,1.1,1.5,1.1,0.7,0.4,0.9,1.4,5.0,,rolliry01
338,Alondes Williams,25,DET,SG,1,0,4.0,2.0,2.0,1.000,1.0,1.0,1.000,1.0,1.0,1.000,1.250,0.0,0.0,,0.0,0.0,0.0,1.0,0.0,0.0,0.0,0.0,5.0,,willial06
339,Marvin Bagley III,25,WAS,C,19,1,8.7,2.0,3.7,.535,0.1,0.5,.200,1.9,3.2,.590,.549,0.8,1.2,.652,1.4,1.5,2.9,0.4,0.4,0.3,0.6,0.6,4.9,,baglema01
340,Jordan Miller,25,LAC,SF,29,0,12.8,1.9,4.3,.429,0.3,1.2,.222,1.6,3.1,.511,.460,0.9,1.1,.788,0.8,1.0,1.8,1.1,0.5,0.2,0.8,0.7,4.9,,millejo02
341,Taylor Hendricks,21,UTA,PF,3,3,25.0,1.3,6.0,.222,1.0,4.0,.250,0.3,2.0,.167,.306,1.0,1.3,.750,1.7,3.3,5.0,0.7,1.7,1.3,0.7,2.7,4.7,,hendrta01
342,Sandro Mamukelashvili,25,SAS,PF,31,0,8.3,1.7,3.0,.565,0.7,1.7,.426,0.9,1.2,.763,.690,0.6,0.9,.704,0.6,1.8,2.4,0.5,0.2,0.3,0.4,0.6,4.7,,mamuksa01
343,Tidjane Salaün,19,CHO,PF,34,8,18.4,1.6,5.0,.318,0.9,3.1,.280,0.7,1.9,.381,.406,0.6,0.9,.677,1.0,3.1,4.1,1.1,0.6,0.2,0.9,1.3,4.7,,salauti01
344,Oscar Tshiebwe,25,UTA,C,3,0,15.3,1.3,2.0,.667,0.0,0.0,,1.3,2.0,.667,.667,2.0,2.7,.750,1.7,5.0,6.7,0.0,1.3,0.0,0.3,3.3,4.7,,tshieos01
345,Mo Bamba,26,LAC,C,28,2,12.6,1.7,3.7,.466,0.5,1.8,.300,1.2,1.9,.623,.539,0.6,0.9,.680,0.9,3.4,4.3,0.6,0.3,1.0,0.7,1.8,4.6,,bambamo01
346,Charles Bassey,24,SAS,C,32,1,10.8,2.0,3.4,.573,0.0,0.0,,2.0,3.4,.573,.573,0.7,1.0,.636,1.7,2.8,4.6,0.4,0.4,0.9,0.7,1.4,4.6,,bassech01
347,Zach Collins,27,SAS,C,36,4,11.8,1.7,3.7,.462,0.4,1.3,.304,1.3,2.4,.547,.515,0.9,1.0,.886,1.1,1.8,2.8,1.4,0.4,0.4,0.6,1.9,4.6,,colliza01
348,Malaki Branham,21,SAS,SG,30,0,9.6,1.6,3.8,.434,0.7,1.8,.396,0.9,2.0,.467,.527,0.6,0.7,.850,0.1,1.0,1.1,0.9,0.2,0.1,0.9,0.5,4.5,,branhma01
349,Pat Connaughton,32,MIL,SG,28,0,14.9,1.6,3.8,.430,0.7,2.1,.339,0.9,1.7,.542,.523,0.5,0.6,.765,0.6,2.1,2.7,1.6,0.1,0.3,0.5,1.1,4.5,,connapa01
350,Moussa Diabaté,23,CHO,C,40,4,18.6,1.9,3.2,.603,0.0,0.1,.000,1.9,3.1,.613,.603,0.7,1.3,.520,3.0,3.8,6.8,0.7,0.7,0.7,0.9,1.6,4.5,,diabamo01
351,Trentyn Flowers,19,LAC,SF,2,0,8.0,2.0,4.5,.444,0.0,1.0,.000,2.0,3.5,.571,.444,0.5,0.5,1.000,0.5,1.5,2.0,0.0,0.0,0.0,0.5,1.5,4.5,,flowetr01
352,Jett Howard,21,ORL,SF,42,0,11.0,1.6,4.2,.376,1.0,3.0,.320,0.6,1.3,.509,.489,0.4,0.4,.833,0.4,0.8,1.2,0.6,0.2,0.2,0.5,1.1,4.5,,howarje01
353,Kylor Kelley,27,DAL,C,4,1,13.5,1.8,2.3,.778,0.0,0.0,,1.8,2.3,.778,.778,1.0,1.5,.667,1.8,2.8,4.5,0.3,0.0,0.5,0.3,1.5,4.5,,kelleky01
354,Dariq Whitehead,20,BRK,SF,8,0,7.0,1.5,3.1,.480,1.4,2.6,.524,0.1,0.5,.250,.700,0.1,0.4,.333,0.1,0.5,0.6,0.1,0.4,0.1,0.4,0.3,4.5,,whiteda01
355,David Roddy,23,ATL,PF,27,3,12.8,1.6,3.4,.473,0.6,1.6,.372,1.0,1.9,.560,.559,0.7,0.8,.818,0.4,2.2,2.6,1.1,0.4,0.3,0.7,0.7,4.5,,roddyda01
356,Tre Jones,25,SAS,PG,28,0,16.1,1.6,3.3,.484,0.3,0.9,.308,1.3,2.4,.552,.527,0.9,1.2,.758,0.5,1.5,2.1,3.7,0.6,0.2,0.8,1.2,4.4,,jonestr01
357,Antonio Reeves,24,NOP,SG,19,0,9.0,1.7,4.1,.416,0.6,2.1,.308,1.1,2.0,.526,.494,0.4,0.4,.875,0.3,0.6,0.9,0.6,0.3,0.0,0.3,0.4,4.4,,reevean01
358,Kyle Lowry,38,PHI,PG,30,12,19.6,1.3,3.5,.362,0.9,2.7,.350,0.3,0.8,.400,.495,0.8,1.0,.828,0.3,1.7,2.0,2.8,1.0,0.3,0.7,1.9,4.3,,lowryky01
359,Julian Phillips,21,CHI,SF,49,3,12.9,1.5,3.5,.441,0.6,1.9,.319,0.9,1.6,.582,.526,0.7,0.9,.727,0.9,1.1,2.0,0.4,0.4,0.2,0.4,1.3,4.3,,phillju01
360,Paul Reed,25,DET,C,27,0,10.1,1.7,3.0,.549,0.2,0.6,.294,1.5,2.4,.615,.579,0.8,0.9,.840,0.7,1.6,2.3,1.0,1.1,0.5,0.5,1.6,4.3,,reedpa01
361,Daniel Theis,32,NOP,C,38,9,16.3,1.6,3.4,.473,0.2,1.0,.243,1.4,2.4,.565,.508,0.8,1.0,.838,1.2,3.2,4.3,1.6,0.5,0.5,0.7,1.8,4.3,,theisda01
362,Aaron Holiday,28,HOU,PG,36,1,11.4,1.4,3.4,.419,0.9,2.3,.373,0.6,1.1,.512,.544,0.5,0.5,.895,0.2,0.8,0.9,1.2,0.4,0.1,0.5,1.1,4.2,,holidaa01
363,Reggie Jackson,34,PHI,PG,30,1,12.4,1.6,4.3,.372,0.8,2.4,.319,0.8,1.9,.439,.461,0.2,0.3,.778,0.3,1.1,1.4,1.5,0.5,0.1,0.6,1.1,4.2,,jacksre01
364,Patty Mills,36,2TM,PG,18,0,14.8,1.4,4.4,.329,0.9,3.3,.283,0.5,1.1,.474,.437,0.3,0.3,1.000,0.2,1.0,1.2,1.2,0.7,0.2,0.9,0.7,4.1,,millspa02
364,Patty Mills,36,UTA,PG,17,0,15.3,1.5,4.5,.342,1.0,3.4,.298,0.5,1.1,.474,.454,0.3,0.3,1.000,0.2,1.1,1.2,1.2,0.7,0.2,0.9,0.7,4.4,,millspa02
364,Patty Mills,36,LAC,PG,1,0,7.0,0.0,3.0,.000,0.0,3.0,.000,0.0,0.0,,.000,0.0,0.0,,0.0,0.0,0.0,1.0,1.0,0.0,0.0,0.0,0.0,,millspa02
365,Jeff Green,38,HOU,PF,14,2,10.4,1.5,2.8,.538,0.6,1.7,.333,0.9,1.1,.867,.641,0.5,0.6,.778,0.1,1.1,1.3,0.2,0.2,0.1,0.3,1.0,4.1,,greenje02
366,Mason Plumlee,34,PHO,C,48,18,17.5,1.6,2.7,.577,0.0,0.0,.000,1.6,2.7,.586,.577,0.9,1.5,.616,1.7,4.7,6.4,1.9,0.4,0.8,0.9,2.2,4.1,,plumlma01
367,Andre Jackson Jr.,23,MIL,SG,46,38,17.5,1.6,3.5,.469,0.6,1.5,.388,1.1,2.0,.527,.550,0.2,0.4,.556,1.2,2.2,3.3,1.5,0.6,0.3,1.1,2.2,4.0,,jacksan01
368,Kris Murray,24,POR,SF,42,0,13.7,1.7,3.6,.458,0.4,1.5,.262,1.3,2.2,.587,.510,0.3,0.8,.438,1.0,1.2,2.2,0.9,0.4,0.2,0.5,0.9,4.0,,murrakr01
369,Josh Richardson,31,MIA,SG,8,0,18.8,1.4,4.8,.289,0.8,2.8,.273,0.6,2.0,.313,.368,0.5,0.5,1.000,0.8,0.8,1.5,1.5,1.0,0.1,1.0,2.1,4.0,,richajo01
370,Gui Santos,22,GSW,PF,25,1,12.6,1.4,3.0,.473,0.8,1.9,.404,0.6,1.1,.593,.601,0.4,0.7,.647,1.1,1.6,2.7,1.2,0.4,0.1,0.6,1.4,4.0,,santogu01
371,Cam Spencer,24,MEM,SG,10,0,12.1,1.3,3.0,.433,0.5,1.6,.313,0.8,1.4,.571,.517,0.9,0.9,1.000,0.5,1.2,1.7,1.6,0.3,0.1,0.5,1.1,4.0,,spencca01
372,Jae'Sean Tate,29,HOU,SF,31,2,11.4,1.5,3.1,.495,0.2,0.7,.286,1.3,2.4,.554,.526,0.8,1.2,.676,0.9,1.2,2.1,0.8,0.6,0.1,0.4,1.8,4.0,,tateja01
373,Gary Harris,30,ORL,SG,23,2,16.1,1.4,3.5,.400,1.0,2.7,.355,0.4,0.8,.556,.538,0.2,0.3,.500,0.5,0.7,1.1,0.4,0.7,0.3,0.5,0.8,3.9,,harriga01
374,Richaun Holmes,31,WAS,PF,12,0,11.5,1.6,2.8,.559,0.0,0.2,.000,1.6,2.7,.594,.559,0.8,0.9,.818,1.4,2.6,4.0,0.8,0.2,0.5,0.4,1.1,3.9,,holmeri01
375,Pelle Larsson,23,MIA,SG,31,1,12.6,1.4,3.1,.458,0.5,1.5,.304,1.0,1.6,.600,.531,0.6,1.0,.645,0.4,1.0,1.5,0.9,0.5,0.1,0.4,1.7,3.9,,larsspe01
376,Cody Williams,20,UTA,SG,26,12,21.0,1.4,4.6,.300,0.6,2.4,.238,0.8,2.2,.368,.363,0.5,0.8,.636,0.5,1.7,2.2,1.3,0.5,0.4,0.8,1.9,3.9,,willico04
377,Steven Adams,31,HOU,C,35,2,12.6,1.5,2.6,.578,0.0,0.0,,1.5,2.6,.578,.578,0.8,1.8,.452,2.6,2.6,5.2,1.1,0.3,0.5,0.9,1.1,3.8,,adamsst01
378,Jamal Cain,25,NOP,SF,19,0,12.4,1.4,3.1,.448,0.5,1.6,.323,0.8,1.4,.593,.534,0.5,0.8,.625,0.8,1.6,2.4,0.5,0.5,0.4,0.4,1.3,3.8,,cainja01
379,Ousmane Dieng,21,OKC,C,28,0,11.5,1.4,3.6,.400,0.6,2.0,.281,0.9,1.5,.558,.480,0.4,0.6,.688,0.5,1.9,2.4,1.0,0.5,0.2,0.5,0.9,3.8,,diengou01
380,Micah Potter,26,UTA,C,20,8,17.6,1.3,3.3,.400,0.9,2.6,.353,0.4,0.7,.571,.538,0.3,0.4,.857,1.1,2.8,3.9,0.8,0.3,0.5,0.6,1.3,3.8,,pottemi01
381,Dario Šarić,30,DEN,C,13,4,14.8,1.4,4.2,.333,0.5,1.8,.250,0.9,2.3,.400,.389,0.5,0.8,.700,1.0,2.6,3.6,1.7,0.5,0.1,1.1,1.4,3.8,,saricda01
382,Dalen Terry,22,CHI,SG,47,1,12.7,1.4,3.1,.451,0.4,1.1,.352,1.0,1.9,.511,.517,0.6,0.9,.690,0.6,0.9,1.5,1.2,0.5,0.2,0.7,1.5,3.8,,terryda01
383,Devin Carter,22,SAC,PG,14,0,9.9,1.1,3.9,.296,0.5,2.0,.250,0.6,1.9,.346,.361,0.8,1.0,.786,0.4,2.1,2.6,1.2,0.1,0.2,0.5,1.0,3.6,,cartede02
384,Jeff Dowtin,27,PHI,PG,23,0,11.1,1.4,3.5,.400,0.3,1.0,.261,1.1,2.5,.456,.438,0.5,0.7,.706,0.1,1.0,1.2,1.4,0.3,0.2,0.1,0.6,3.6,,dowtije01
385,Luka Garza,26,MIN,C,18,0,5.2,1.4,2.8,.490,0.3,0.9,.294,1.1,1.9,.588,.539,0.5,0.7,.750,0.6,0.7,1.3,0.1,0.1,0.1,0.3,0.7,3.6,,garzalu01
386,Elijah Harkless,24,UTA,SG,9,0,15.0,1.2,3.9,.314,0.8,2.8,.280,0.4,1.1,.400,.414,0.3,0.7,.500,1.0,1.3,2.3,0.9,1.1,0.1,0.3,1.9,3.6,,harklej01
387,Oso Ighodaro,22,PHO,PF,39,2,15.2,1.5,2.7,.566,0.0,0.1,.000,1.5,2.7,.577,.566,0.5,0.9,.543,0.9,2.4,3.3,0.9,0.5,0.3,0.6,1.6,3.6,,ighodos01
388,Isaac Jones,24,SAC,PF,24,0,8.5,1.5,2.3,.667,0.0,0.2,.250,1.5,2.1,.700,.676,0.6,1.0,.560,0.5,1.0,1.4,0.3,0.1,0.3,0.5,1.0,3.6,,jonesis01
389,Olivier-Maxence Prosper,22,DAL,PF,40,2,9.7,1.2,3.0,.405,0.2,1.0,.225,1.0,2.0,.494,.442,0.9,1.4,.625,0.9,1.5,2.4,0.7,0.4,0.1,0.3,0.5,3.6,,prospol01
390,Reed Sheppard,20,HOU,PG,35,0,11.7,1.3,4.2,.315,0.7,2.5,.284,0.6,1.7,.362,.401,0.2,0.3,.889,0.4,1.1,1.4,1.1,0.6,0.4,0.6,0.9,3.6,,sheppre01
391,Jevon Carter,29,CHI,PG,23,0,6.5,1.2,2.9,.418,0.8,2.1,.375,0.4,0.8,.526,.552,0.3,0.3,.750,0.1,0.8,0.9,0.7,0.3,0.0,0.3,0.3,3.5,,carteje01
392,DeAndre Jordan,36,DEN,C,35,2,11.7,1.6,2.4,.647,0.0,0.0,,1.6,2.4,.647,.647,0.3,0.8,.414,1.3,3.2,4.5,0.8,0.3,0.5,0.7,1.3,3.5,,jordade01
393,Nicolas Batum,36,LAC,PF,48,1,17.6,1.1,2.9,.396,0.9,2.4,.386,0.2,0.5,.440,.554,0.2,0.3,.786,0.7,2.2,2.9,1.4,0.6,0.4,0.4,1.5,3.4,,batumni01
394,Bruno Fernando,26,TOR,C,17,2,8.6,1.5,2.9,.531,0.0,0.0,,1.5,2.9,.531,.531,0.4,0.5,.750,1.2,1.8,3.0,1.1,0.2,0.5,0.8,1.6,3.4,,fernabr01
395,Doug McDermott,33,SAC,SF,31,3,8.4,1.2,2.7,.424,1.0,2.3,.431,0.2,0.4,.385,.606,0.1,0.2,.600,0.1,0.5,0.5,0.1,0.1,0.0,0.2,0.9,3.4,,mcderdo01
396,Jaylen Clark,23,MIN,SG,8,0,9.4,1.1,2.9,.391,0.4,1.3,.300,0.8,1.6,.462,.457,0.6,0.8,.833,0.6,0.8,1.4,0.5,0.4,0.0,0.0,1.4,3.3,,clarkja02
397,Jock Landale,29,HOU,C,24,0,9.8,1.2,2.8,.426,0.2,0.3,.500,1.0,2.5,.417,.456,0.7,1.1,.615,1.3,1.5,2.8,0.9,0.2,0.3,0.5,0.8,3.3,,landajo01
398,Cam Reddish,25,LAL,SF,31,8,18.1,1.2,2.8,.430,0.4,1.5,.289,0.8,1.3,.585,.506,0.5,0.8,.615,0.5,1.5,2.0,0.7,1.0,0.3,0.4,1.4,3.3,,reddica01
399,Bol Bol,25,PHO,PF,13,0,5.8,1.2,2.2,.536,0.2,1.0,.231,0.9,1.2,.800,.589,0.6,0.9,.667,0.5,1.1,1.5,0.2,0.0,0.2,0.5,0.2,3.2,,bolbo01
400,Moses Brown,25,IND,C,9,0,5.1,1.4,2.2,.650,0.0,0.0,,1.4,2.2,.650,.650,0.3,0.6,.600,0.4,1.0,1.4,0.0,0.2,0.1,0.7,0.7,3.2,,brownmo01
401,Damion Lee,32,PHO,SG,12,0,5.8,1.0,3.0,.333,0.3,1.6,.158,0.8,1.4,.529,.375,0.9,0.9,1.000,0.1,0.8,0.8,0.6,0.3,0.0,0.4,0.2,3.2,,leeda03
402,Wendell Moore Jr.,23,DET,SG,20,1,11.0,1.2,2.5,.460,0.2,0.7,.286,1.0,1.8,.528,.500,0.7,0.7,.929,0.6,1.7,2.2,1.2,0.5,0.2,0.5,0.8,3.2,,moorewe01
403,Jarred Vanderbilt,25,LAL,PF,5,0,14.8,1.4,3.2,.438,0.2,0.8,.250,1.2,2.4,.500,.469,0.2,0.4,.500,2.2,3.2,5.4,1.2,2.0,0.0,0.4,1.8,3.2,,vandeja01
404,Jabari Walker,22,POR,SF,37,1,10.1,1.3,2.9,.453,0.2,0.9,.206,1.1,1.9,.569,.486,0.4,0.7,.615,0.8,2.0,2.8,0.5,0.5,0.1,0.5,1.2,3.2,,walkeja01
405,Branden Carlson,25,OKC,C,15,0,6.3,1.1,2.3,.457,0.8,1.9,.429,0.3,0.5,.571,.629,0.1,0.1,1.000,0.3,1.3,1.7,0.4,0.1,0.4,0.1,0.7,3.1,,carlsbr01
406,JT Thor,22,CLE,PF,9,0,4.7,1.0,1.7,.600,0.3,0.7,.500,0.7,1.0,.667,.700,0.8,0.9,.875,0.3,0.3,0.7,0.1,0.2,0.3,0.7,0.7,3.1,,thorjt01
407,Blake Wesley,21,SAS,SG,31,0,9.3,1.2,2.6,.463,0.1,0.7,.190,1.1,2.0,.557,.488,0.5,0.7,.739,0.2,0.5,0.7,1.9,0.5,0.1,0.9,0.5,3.1,,weslebl01
408,Maxi Kleber,33,DAL,PF,34,4,18.7,1.1,2.8,.385,0.4,1.4,.265,0.7,1.4,.511,.453,0.5,0.6,.762,0.7,2.1,2.8,1.3,0.3,0.5,0.7,1.9,3.0,,klebima01
409,Taze Moore,26,POR,SG,2,0,10.0,1.0,5.0,.200,0.5,2.0,.250,0.5,3.0,.167,.250,0.5,1.0,.500,2.0,2.0,4.0,0.5,1.0,0.0,1.0,0.0,3.0,,mooreta02
410,Tyler Smith,20,MIL,PF,14,0,5.0,1.1,2.4,.485,0.6,1.4,.400,0.6,0.9,.615,.606,0.1,0.3,.500,0.3,1.1,1.4,0.3,0.1,0.2,0.4,0.5,3.0,,smithty02
411,Jaylon Tyson,22,CLE,SG,31,2,9.1,1.1,2.6,.432,0.4,1.1,.333,0.8,1.5,.500,.500,0.4,0.5,.733,0.7,1.4,2.1,0.8,0.2,0.1,0.4,1.0,3.0,,tysonja01
412,Orlando Robinson,24,2TM,C,15,0,8.8,1.0,2.6,.385,0.1,0.6,.111,0.9,2.0,.467,.397,0.9,1.2,.722,0.7,1.5,2.2,0.8,0.4,0.2,0.7,1.3,2.9,,robinor01
412,Orlando Robinson,24,SAC,C,9,0,6.3,0.8,1.9,.412,0.1,0.6,.200,0.7,1.3,.500,.441,0.4,0.8,.571,0.3,1.2,1.6,1.0,0.3,0.1,0.4,0.7,2.1,,robinor01
412,Orlando Robinson,24,TOR,C,6,0,12.5,1.3,3.7,.364,0.0,0.7,.000,1.3,3.0,.444,.364,1.5,1.8,.818,1.2,2.0,3.2,0.5,0.5,0.3,1.0,2.2,4.2,,robinor01
413,Jae Crowder,34,SAC,PF,7,2,13.1,0.9,2.4,.353,0.4,1.7,.250,0.4,0.7,.600,.441,0.7,0.9,.833,0.9,1.6,2.4,0.6,0.4,0.0,0.6,1.4,2.9,,crowdja01
414,Caleb Houstan,22,ORL,SF,34,5,12.1,0.9,2.9,.316,0.8,2.5,.306,0.1,0.4,.385,.449,0.3,0.3,1.000,0.4,0.6,1.0,0.4,0.2,0.1,0.1,1.0,2.9,,houstca01
415,AJ Johnson,20,MIL,SG,7,0,6.3,1.1,2.7,.421,0.4,0.7,.600,0.7,2.0,.357,.500,0.1,0.3,.500,0.0,1.0,1.0,1.0,0.1,0.0,0.6,0.0,2.9,,johnsaj01
416,Adem Bona,21,PHI,C,34,1,10.8,1.0,1.5,.686,0.0,0.0,,1.0,1.5,.686,.686,0.7,1.2,.625,1.0,1.8,2.8,0.3,0.2,0.8,0.7,1.9,2.8,,bonaad01
417,John Konchar,28,MEM,SG,26,3,14.1,1.0,2.5,.415,0.5,1.7,.311,0.5,0.8,.650,.523,0.2,0.2,.833,1.0,3.0,4.0,1.1,0.5,0.4,0.4,0.9,2.8,,konchjo01
418,A.J. Lawson,24,TOR,SG,4,0,3.8,1.0,2.0,.500,0.5,1.3,.400,0.5,0.8,.667,.625,0.3,0.8,.333,0.3,0.5,0.8,0.0,0.0,0.0,0.0,0.0,2.8,,lawsoaj01
419,Brandon Williams,25,DAL,PG,17,0,7.1,0.9,2.4,.400,0.3,0.9,.333,0.6,1.5,.440,.463,0.6,0.8,.769,0.1,0.6,0.8,1.1,0.2,0.0,0.6,0.4,2.8,,willibr03
420,Kobe Brown,25,LAC,PF,20,0,8.0,1.2,2.4,.489,0.2,0.8,.250,1.0,1.6,.613,.532,0.2,0.2,.750,0.8,1.5,2.3,0.7,0.2,0.1,0.3,0.7,2.7,,brownko01
421,Josh Minott,22,MIN,SF,30,0,7.2,1.1,2.3,.471,0.2,1.0,.241,0.8,1.3,.641,.522,0.3,0.4,.818,0.2,0.8,1.1,0.4,0.4,0.3,0.2,0.9,2.7,,minotjo01
422,Drew Peterson,25,BOS,PF,13,0,9.0,0.8,1.8,.458,0.5,1.4,.389,0.3,0.5,.667,.604,0.5,0.5,.857,0.4,1.6,2.0,0.6,0.2,0.2,0.4,0.9,2.7,,peterdr01
423,Landry Shamet,27,NYK,SG,19,0,10.4,1.1,2.7,.404,0.5,1.6,.290,0.6,1.1,.571,.490,0.1,0.2,.250,0.3,0.5,0.8,0.4,0.4,0.1,0.4,0.7,2.7,,shamela01
424,Tristan Vukcevic,21,WAS,C,9,0,4.7,1.0,2.3,.429,0.2,1.2,.182,0.8,1.1,.700,.476,0.4,0.6,.800,0.4,0.4,0.9,0.4,0.0,0.1,0.3,0.4,2.7,,vukcetr01
425,Jeenathan Williams,25,HOU,SG,6,0,3.5,1.2,1.5,.778,0.3,0.7,.500,0.8,0.8,1.000,.889,0.0,0.0,,0.0,0.5,0.5,0.2,0.3,0.2,0.2,0.2,2.7,,willije02
426,Jalen Pickett,25,DEN,SG,20,0,8.2,1.0,2.3,.435,0.5,1.2,.417,0.5,1.1,.455,.543,0.1,0.1,1.000,0.2,0.7,0.9,1.5,0.2,0.1,0.4,0.5,2.6,,pickeja02
427,Craig Porter Jr.,24,CLE,PG,29,0,8.1,1.0,1.8,.588,0.3,0.5,.533,0.8,1.2,.611,.667,0.2,0.3,.750,0.1,0.7,0.9,1.0,0.2,0.3,0.5,0.4,2.6,,portecr01
428,E.J. Liddell,24,CHI,PF,6,0,5.2,0.8,1.3,.625,0.5,1.0,.500,0.3,0.3,1.000,.813,0.3,0.3,1.000,0.2,0.7,0.8,0.5,0.2,0.2,0.3,1.3,2.5,,liddeej01
429,Rayan Rupert,20,POR,SG,35,0,7.9,0.9,2.2,.410,0.3,1.0,.286,0.6,1.2,.512,.474,0.4,0.5,.722,0.6,0.6,1.1,0.5,0.2,0.1,0.5,0.5,2.5,,ruperra01
430,Delon Wright,32,MIL,PG,26,2,15.6,0.8,3.2,.268,0.5,1.9,.245,0.4,1.3,.303,.341,0.3,0.6,.563,0.6,1.2,1.8,1.8,0.9,0.3,0.5,0.7,2.5,,wrighde01
431,Johnny Davis,22,WAS,SG,33,0,7.3,1.0,2.4,.410,0.2,0.9,.241,0.8,1.5,.510,.455,0.3,0.5,.600,0.3,0.8,1.2,0.3,0.5,0.2,0.2,0.5,2.4,,davisjo06
432,Taj Gibson,39,CHO,C,20,11,10.8,1.0,2.3,.435,0.1,0.1,.500,1.0,2.2,.432,.446,0.4,0.6,.583,1.5,2.0,3.4,0.6,0.3,0.5,0.7,1.5,2.4,,gibsota01
433,Pat Spencer,28,GSW,PG,18,0,6.8,0.9,2.5,.378,0.1,0.6,.200,0.8,1.9,.429,.400,0.4,0.6,.700,0.5,0.8,1.3,1.5,0.4,0.1,0.6,0.4,2.4,,spencpa01
434,Reece Beekman,23,2TM,PG,19,0,10.7,0.9,2.5,.375,0.2,0.9,.235,0.7,1.6,.452,.417,0.2,0.4,.571,0.3,0.5,0.8,1.5,0.6,0.1,0.5,0.5,2.3,,beekmre01
434,Reece Beekman,23,GSW,PG,2,0,2.0,0.5,0.5,1.000,0.0,0.0,,0.5,0.5,1.000,1.000,0.0,0.0,,0.5,0.0,0.5,0.5,0.5,0.0,0.0,0.5,1.0,,beekmre01
434,Reece Beekman,23,BRK,PG,17,0,11.7,1.0,2.8,.362,0.2,1.0,.235,0.8,1.8,.433,.404,0.2,0.4,.571,0.2,0.6,0.8,1.6,0.6,0.1,0.5,0.5,2.5,,beekmre01
435,Dominick Barlow,21,ATL,SF,13,1,6.8,0.9,2.2,.429,0.2,0.5,.286,0.8,1.6,.476,.464,0.3,0.5,.571,0.2,1.0,1.2,0.2,0.2,0.2,0.0,0.5,2.3,,barlodo01
436,Vlatko Čančar,27,DEN,PF,4,0,8.5,1.0,1.8,.571,0.3,0.5,.500,0.8,1.3,.600,.643,0.0,0.0,,0.8,1.3,2.0,0.0,0.0,0.3,0.5,1.0,2.3,,cancavl01
437,Lester Quiñones,24,PHI,SG,4,0,4.3,1.0,2.0,.500,0.0,0.8,.000,1.0,1.3,.800,.500,0.3,0.3,1.000,0.8,0.3,1.0,0.3,0.0,0.0,1.0,0.0,2.3,,quinole01
438,Duop Reath,28,POR,C,25,0,5.3,0.8,2.0,.380,0.4,1.4,.314,0.3,0.6,.533,.490,0.3,0.4,.800,0.4,0.5,0.9,0.2,0.0,0.1,0.2,0.6,2.3,,reathdu01
439,Kai Jones,24,LAC,C,27,0,7.6,0.9,1.3,.714,0.0,0.1,.000,0.9,1.2,.758,.714,0.3,0.4,.750,0.6,1.1,1.7,0.4,0.2,0.5,0.4,0.9,2.2,,joneska01
440,Trey Jemison,25,2TM,C,21,0,9.9,0.9,1.9,.462,0.0,0.0,,0.9,1.9,.462,.462,0.4,1.2,.360,1.2,1.7,2.9,0.5,0.4,0.5,0.6,1.8,2.1,,jemistr01
440,Trey Jemison,25,NOP,C,16,0,10.4,0.9,2.0,.469,0.0,0.0,,0.9,2.0,.469,.469,0.5,1.3,.381,1.4,1.4,2.8,0.6,0.4,0.4,0.6,1.7,2.4,,jemistr01
440,Trey Jemison,25,LAL,C,5,0,8.2,0.6,1.4,.429,0.0,0.0,,0.6,1.4,.429,.429,0.2,0.8,.250,0.6,2.8,3.4,0.2,0.2,0.8,0.6,2.0,1.4,,jemistr01
441,Patrick Baldwin Jr.,22,WAS,SF,22,0,4.6,0.8,1.5,.515,0.5,1.0,.524,0.3,0.5,.500,.682,0.1,0.2,.500,0.2,0.8,1.0,0.1,0.1,0.1,0.2,0.2,2.1,,baldwpa01
442,MarJon Beauchamp,24,MIL,SF,25,0,4.8,0.7,1.9,.383,0.3,0.8,.333,0.4,1.0,.423,.457,0.4,0.5,.750,0.2,1.0,1.2,0.3,0.1,0.0,0.5,0.4,2.1,,beaucma01
443,Chris Duarte,27,CHI,SG,17,0,4.4,0.7,1.5,.462,0.4,0.9,.400,0.4,0.6,.545,.577,0.4,0.5,.750,0.3,0.9,1.2,0.5,0.0,0.0,0.1,0.4,2.1,,duartch01
444,Pete Nance,24,PHI,C,7,0,9.7,0.7,2.1,.333,0.6,1.7,.333,0.1,0.4,.333,.467,0.1,0.3,.500,0.3,1.1,1.4,0.4,0.1,0.0,0.0,1.4,2.1,,nancepe01
445,Jalen Hood-Schifino,21,LAL,SG,2,0,7.0,0.5,0.5,1.000,0.0,0.0,,0.5,0.5,1.000,1.000,1.0,1.0,1.000,0.5,0.0,0.5,0.5,0.0,0.5,0.5,1.5,2.0,,hoodsja01
446,Dillon Jones,23,OKC,SF,29,0,9.2,0.8,2.3,.324,0.2,1.3,.184,0.5,1.0,.500,.375,0.3,0.5,.571,0.7,1.4,2.1,0.9,0.2,0.1,0.4,1.0,2.0,,jonesdi01
447,Cory Joseph,33,ORL,PG,29,0,7.6,0.7,2.0,.356,0.5,1.4,.350,0.2,0.7,.368,.475,0.1,0.1,.500,0.2,0.6,0.8,0.8,0.4,0.1,0.4,0.6,2.0,,josepco01
448,Christian Koloko,24,LAL,C,27,0,8.6,0.9,1.5,.625,0.0,0.1,.000,0.9,1.4,.658,.625,0.2,0.2,.833,1.0,1.2,2.1,0.4,0.3,0.3,0.3,1.1,2.0,,kolokch01
449,Alex Reese,25,OKC,PF,1,0,2.0,1.0,1.0,1.000,0.0,0.0,,1.0,1.0,1.000,1.000,0.0,0.0,,1.0,0.0,1.0,0.0,0.0,0.0,0.0,0.0,2.0,,reeseal01
450,Adama Sanogo,22,CHI,C,4,0,5.3,1.0,1.8,.571,0.0,0.0,,1.0,1.8,.571,.571,0.0,0.0,,1.3,0.3,1.5,0.3,0.0,0.0,0.3,0.3,2.0,,sanogad01
451,Hunter Tyson,24,DEN,PF,34,0,7.5,0.6,1.7,.373,0.3,1.1,.306,0.3,0.7,.478,.466,0.4,0.6,.737,0.3,1.2,1.5,0.4,0.1,0.1,0.3,0.9,2.0,,tysonhu01
452,TyTy Washington Jr.,23,PHO,PG,4,0,7.0,0.8,1.5,.500,0.5,0.8,.667,0.3,0.8,.333,.667,0.0,0.0,,0.0,0.3,0.3,1.0,0.5,0.0,0.3,0.0,2.0,,washity02
453,Johnny Furphy,20,IND,SG,32,0,7.3,0.7,1.7,.382,0.3,1.0,.344,0.3,0.7,.435,.482,0.3,0.3,1.000,0.4,0.6,1.0,0.3,0.3,0.2,0.3,0.8,1.9,,furphjo01
454,Tyler Kolek,23,NYK,PG,28,0,5.2,0.6,1.7,.383,0.4,1.0,.393,0.3,0.7,.368,.500,0.2,0.2,1.000,0.1,0.5,0.5,0.8,0.3,0.0,0.3,0.4,1.9,,kolekty01
455,Jordan McLaughlin,28,SAC,PG,28,0,6.8,0.6,1.6,.364,0.4,0.9,.385,0.2,0.6,.333,.477,0.4,0.6,.688,0.1,0.6,0.8,0.9,0.4,0.0,0.4,0.5,1.9,,mclaujo01
456,Alex Ducas,24,OKC,SG,11,0,4.6,0.6,1.5,.412,0.5,1.2,.462,0.1,0.4,.250,.588,0.0,0.0,,0.3,0.6,0.9,0.1,0.1,0.0,0.1,0.4,1.8,,ducasal01
457,Anthony Gill,32,WAS,PF,35,0,5.7,0.6,1.2,.500,0.1,0.4,.357,0.5,0.8,.571,.560,0.5,0.8,.607,0.2,0.7,0.8,0.2,0.2,0.0,0.2,0.5,1.8,,gillan01
458,Ariel Hukporti,22,NYK,C,19,0,7.8,0.7,1.1,.700,0.0,0.0,,0.7,1.1,.700,.700,0.3,0.6,.545,0.4,1.5,1.8,0.4,0.0,0.6,0.6,1.0,1.8,,hukpoar01
459,Karlo Matković,23,NOP,PF,12,0,9.8,0.8,1.9,.391,0.2,0.4,.400,0.6,1.5,.389,.435,0.2,0.2,1.000,1.2,1.8,2.9,0.7,0.5,0.8,0.8,1.4,1.8,,matkoka01
460,Zeke Nnaji,24,DEN,PF,29,1,6.0,0.8,1.6,.489,0.1,0.5,.133,0.7,1.1,.656,.511,0.1,0.2,.429,0.2,0.6,0.7,0.1,0.1,0.3,0.2,0.6,1.8,,nnajize01
461,Enrique Freeman,24,IND,PF,19,1,7.3,0.6,1.3,.480,0.1,0.3,.167,0.6,1.0,.579,.500,0.4,0.7,.538,0.3,0.7,1.0,0.4,0.1,0.1,0.3,0.9,1.7,,freemen01
462,Markieff Morris,35,DAL,PF,7,0,5.9,0.7,3.1,.227,0.3,1.9,.154,0.4,1.3,.333,.273,0.0,0.0,,0.0,1.1,1.1,0.6,0.1,0.1,0.3,0.3,1.7,,morrima02
463,Jaden Springer,22,BOS,SG,26,0,5.4,0.5,1.3,.353,0.2,0.7,.316,0.2,0.6,.400,.441,0.6,0.8,.714,0.2,0.8,0.9,0.4,0.5,0.0,0.2,0.7,1.7,,sprinja01
464,Tristan Thompson,33,CLE,C,25,0,8.0,0.8,1.8,.432,0.0,0.1,.000,0.8,1.6,.463,.432,0.2,0.9,.227,0.7,2.3,3.0,0.7,0.0,0.3,0.4,1.0,1.7,,thomptr01
465,Keshad Johnson,23,MIA,SF,10,0,5.7,0.7,1.2,.583,0.1,0.4,.250,0.6,0.8,.750,.625,0.1,0.6,.167,0.2,1.5,1.7,0.3,0.1,0.4,0.3,0.5,1.6,,johnske10
466,Bryce McGowens,22,POR,SG,8,0,2.6,0.5,0.9,.571,0.0,0.3,.000,0.5,0.6,.800,.571,0.6,0.8,.833,0.1,0.0,0.1,0.1,0.1,0.0,0.4,0.3,1.6,,mcgowbr01
467,Leonard Miller,21,MIN,SF,5,0,3.0,0.2,1.4,.143,0.0,0.6,.000,0.2,0.8,.250,.143,1.2,1.2,1.000,0.6,1.0,1.6,0.0,0.2,0.0,0.4,0.4,1.6,,millele01
468,Jericho Sims,26,NYK,C,39,5,10.8,0.7,1.2,.609,0.0,0.0,,0.7,1.2,.609,.609,0.2,0.3,.615,1.3,2.0,3.3,0.6,0.2,0.3,0.5,1.2,1.6,,simsje01
469,Armel Traoré,22,LAL,SF,9,0,7.4,0.7,2.1,.316,0.0,0.8,.000,0.7,1.3,.500,.316,0.2,0.8,.286,0.2,1.4,1.7,0.1,0.4,0.2,0.3,0.7,1.6,,armeltr01
470,Jordan Walsh,20,BOS,PF,34,1,7.9,0.6,1.6,.352,0.3,1.1,.289,0.2,0.5,.500,.454,0.1,0.3,.500,0.4,0.7,1.1,0.3,0.2,0.2,0.2,0.5,1.6,,walshjo01
471,Pacome Dadiet,19,NYK,SG,13,0,6.4,0.5,1.5,.300,0.4,1.1,.357,0.1,0.5,.167,.425,0.2,0.2,1.000,0.0,1.0,1.0,0.4,0.1,0.2,0.1,0.4,1.5,,dadiepa01
472,David Duke Jr.,25,SAS,SG,2,0,6.0,0.5,2.5,.200,0.0,0.5,.000,0.5,2.0,.250,.200,0.5,1.0,.500,0.0,1.0,1.0,1.0,0.0,0.0,0.5,0.5,1.5,,dukeda01
473,Jazian Gortman,21,DAL,PG,16,0,3.6,0.6,1.4,.391,0.3,0.7,.364,0.3,0.8,.417,.478,0.1,0.3,.500,0.1,0.3,0.3,0.4,0.1,0.1,0.3,0.6,1.5,,gortmja01
474,Alex Len,31,SAC,C,35,3,7.3,0.6,1.2,.537,0.0,0.2,.167,0.6,1.0,.600,.549,0.2,0.4,.538,0.7,1.1,1.8,0.9,0.2,0.5,0.3,1.0,1.5,,lenal01
475,Quincy Olivari,23,LAL,PG,2,0,5.0,0.5,2.5,.200,0.5,2.5,.200,0.0,0.0,,.300,0.0,0.0,,0.0,0.0,0.0,0.5,0.0,0.0,0.5,0.0,1.5,,olivaqu01
476,Dwight Powell,33,DAL,C,33,0,7.6,0.4,0.5,.778,0.0,0.0,1.000,0.4,0.5,.765,.806,0.6,0.9,.667,0.7,1.1,1.8,0.7,0.4,0.5,0.2,1.2,1.5,,poweldw01
477,Matt Ryan,27,NYK,SF,17,0,3.6,0.5,1.6,.333,0.3,0.9,.313,0.2,0.6,.364,.426,0.1,0.1,1.000,0.0,0.4,0.4,0.1,0.1,0.0,0.2,0.1,1.5,,ryanma01
478,Terrence Shannon Jr.,24,MIN,SG,10,0,4.5,0.7,1.3,.538,0.1,0.3,.333,0.6,1.0,.600,.577,0.0,0.0,,0.0,0.2,0.2,0.5,0.2,0.1,0.3,0.1,1.5,,shannte01
479,Colin Castleton,24,MEM,C,10,0,4.6,0.2,1.0,.200,0.0,0.4,.000,0.2,0.6,.333,.200,1.0,1.1,.909,0.3,0.6,0.9,0.0,0.1,0.1,0.1,0.6,1.4,,castlco01
480,Collin Gillespie,25,PHO,PG,5,0,3.2,0.6,1.0,.600,0.2,0.2,1.000,0.4,0.8,.500,.700,0.0,0.0,,0.4,0.4,0.8,0.2,0.0,0.2,0.0,0.4,1.4,,gilleco01
481,Sidy Cissoko,20,SAS,SF,17,0,3.2,0.5,1.1,.500,0.2,0.4,.429,0.4,0.6,.545,.583,0.1,0.4,.167,0.2,0.4,0.6,0.4,0.1,0.0,0.1,0.4,1.3,,cissosi01
482,Mason Jones,26,SAC,SG,4,0,5.0,0.5,1.3,.400,0.0,0.8,.000,0.5,0.5,1.000,.400,0.3,0.5,.500,0.3,1.5,1.8,2.3,0.0,0.0,0.3,0.3,1.3,,jonesma05
483,Yuki Kawamura,23,MEM,PG,18,0,3.2,0.4,1.2,.381,0.2,0.8,.267,0.2,0.3,.667,.476,0.2,0.3,.667,0.0,0.4,0.4,0.7,0.1,0.0,0.2,0.4,1.3,,kawamyu01
484,Chris Livingston,21,MIL,SF,11,1,5.0,0.5,1.2,.385,0.0,0.4,.000,0.5,0.8,.556,.385,0.4,0.5,.667,0.5,1.2,1.7,0.1,0.4,0.0,0.5,0.4,1.3,,livinch01
485,Jack McVeigh,28,HOU,PF,6,0,3.5,0.5,1.8,.273,0.3,1.3,.250,0.2,0.5,.333,.364,0.0,0.0,,0.2,0.5,0.7,0.2,0.0,0.2,0.2,0.2,1.3,,mcveija01
486,Luke Travers,23,CLE,SG,6,0,7.0,0.5,1.2,.429,0.0,0.5,.000,0.5,0.7,.750,.429,0.3,0.3,1.000,0.2,0.8,1.0,0.8,0.2,0.2,0.3,0.5,1.3,,travelu01
487,Cam Christie,19,LAC,SG,5,0,5.8,0.4,1.8,.222,0.2,1.2,.167,0.2,0.6,.333,.278,0.2,0.4,.500,0.2,1.0,1.2,0.4,0.4,0.0,0.4,0.4,1.2,,chrisca02
488,JD Davison,22,BOS,PG,5,0,4.8,0.4,1.0,.400,0.2,0.6,.333,0.2,0.4,.500,.500,0.2,0.4,.500,0.0,0.4,0.4,0.2,0.2,0.0,1.2,0.2,1.2,,davisjd01
489,Kessler Edwards,24,DAL,SF,21,2,8.5,0.5,1.4,.333,0.2,0.8,.235,0.3,0.6,.462,.400,0.1,0.1,1.000,0.2,1.5,1.7,0.5,0.3,0.2,0.2,0.9,1.2,,edwarke02
490,PJ Hall,22,DEN,C,10,0,2.8,0.4,0.8,.500,0.0,0.3,.000,0.4,0.5,.800,.500,0.3,0.4,.750,0.2,0.8,1.0,0.2,0.0,0.1,0.1,0.3,1.1,,hallpj01
491,Colby Jones,22,SAC,SG,23,0,5.3,0.5,1.1,.440,0.2,0.4,.444,0.3,0.7,.438,.520,0.0,0.0,,0.3,0.6,0.9,0.2,0.2,0.3,0.3,0.6,1.1,,jonesco02
492,Adam Flagler,25,OKC,SG,17,0,4.4,0.4,2.5,.140,0.3,2.1,.139,0.1,0.4,.143,.198,0.0,0.0,,0.2,0.3,0.5,0.0,0.2,0.1,0.1,0.4,1.0,,flaglad01
493,Jaylen Martin,21,BRK,SF,3,0,1.7,0.3,0.7,.500,0.3,0.3,1.000,0.0,0.3,.000,.750,0.0,0.0,,0.0,0.0,0.0,0.0,0.0,0.0,0.0,0.3,1.0,,martija02
494,Jared Rhoden,25,CHO,SG,4,0,3.0,0.5,2.0,.250,0.0,0.5,.000,0.5,1.5,.333,.250,0.0,0.0,,0.5,0.5,1.0,0.5,0.3,0.0,0.3,0.3,1.0,,rhodeja01
495,Baylor Scheierman,24,BOS,SG,9,0,6.0,0.3,1.9,.176,0.1,1.3,.083,0.2,0.6,.400,.206,0.2,0.2,1.000,0.2,1.2,1.4,0.4,0.2,0.0,0.0,0.7,1.0,,scheiba01
496,Xavier Tillman Sr.,26,BOS,C,26,1,7.3,0.4,1.5,.250,0.2,0.8,.182,0.2,0.7,.333,.300,0.0,0.1,.500,0.3,1.1,1.4,0.3,0.3,0.2,0.3,0.5,1.0,,tillmxa01
497,Maxwell Lewis,22,2TM,SF,8,0,3.8,0.4,0.9,.429,0.1,0.1,1.000,0.3,0.8,.333,.500,0.0,0.0,,0.3,0.0,0.3,0.3,0.1,0.0,0.3,0.1,0.9,,lewisma05
497,Maxwell Lewis,22,LAL,SF,7,0,4.1,0.3,0.9,.333,0.0,0.0,,0.3,0.9,.333,.333,0.0,0.0,,0.3,0.0,0.3,0.3,0.1,0.0,0.3,0.1,0.6,,lewisma05
497,Maxwell Lewis,22,BRK,SF,1,0,1.0,1.0,1.0,1.000,1.0,1.0,1.000,0.0,0.0,,1.500,0.0,0.0,,0.0,0.0,0.0,0.0,0.0,0.0,0.0,0.0,3.0,,lewisma05
498,Trey Alexander,21,DEN,SG,14,0,4.4,0.3,1.3,.222,0.1,0.6,.222,0.1,0.6,.222,.278,0.1,0.1,1.000,0.0,0.3,0.3,0.4,0.1,0.1,0.1,0.4,0.9,,alexatr01
499,Bronny James,20,LAL,SG,16,0,4.0,0.3,1.5,.167,0.1,0.6,.100,0.2,0.9,.214,.188,0.3,0.4,.714,0.1,0.4,0.4,0.4,0.3,0.1,0.3,0.4,0.9,,jamesbr02
500,D.J. Carton,24,TOR,SG,4,0,8.3,0.3,1.8,.143,0.0,0.8,.000,0.3,1.0,.250,.143,0.3,0.3,1.000,0.0,1.0,1.0,0.8,0.5,0.0,1.0,0.3,0.8,,cartodj01
501,Ulrich Chomche,19,TOR,PF,6,0,3.3,0.3,0.5,.667,0.0,0.0,,0.3,0.5,.667,.667,0.2,0.3,.500,0.5,0.5,1.0,0.3,0.0,0.0,0.3,0.7,0.8,,chomcul01
502,Josh Christopher,23,MIA,SG,8,0,3.5,0.3,0.9,.286,0.0,0.1,.000,0.3,0.8,.333,.286,0.3,0.5,.500,0.0,0.4,0.4,0.5,0.0,0.1,0.5,0.1,0.8,,chrisjo01
503,RayJ Dennis,23,IND,PG,6,0,1.8,0.2,0.5,.333,0.2,0.5,.333,0.0,0.0,,.500,0.3,0.3,1.000,0.2,0.3,0.5,0.2,0.3,0.0,0.3,0.2,0.8,,dennira01
504,PJ Dozier,28,MIN,SG,9,0,3.9,0.2,0.3,.667,0.2,0.3,.667,0.0,0.0,,1.000,0.1,0.7,.167,0.1,0.4,0.6,0.6,0.1,0.0,0.1,0.3,0.8,,doziepj01
505,Joe Ingles,37,MIN,SF,12,0,4.8,0.3,0.8,.444,0.2,0.4,.400,0.2,0.3,.500,.556,0.0,0.0,,0.2,0.2,0.3,1.1,0.1,0.0,0.4,0.7,0.8,,inglejo01
506,James Johnson,37,IND,PF,10,0,3.2,0.4,0.9,.444,0.0,0.3,.000,0.4,0.6,.667,.444,0.0,0.1,.000,0.0,0.5,0.5,0.4,0.0,0.2,0.4,0.4,0.8,,johnsja01
507,Isaiah Crawford,23,SAC,SF,3,0,3.0,0.3,0.7,.500,0.0,0.0,,0.3,0.7,.500,.500,0.0,0.0,,0.0,1.0,1.0,0.0,0.0,0.0,0.0,0.3,0.7,,crawfis01
508,Liam Robbins,25,MIL,C,13,0,4.4,0.2,0.6,.250,0.0,0.2,.000,0.2,0.5,.333,.250,0.4,0.8,.500,0.5,0.4,0.9,0.2,0.2,0.2,0.5,0.7,0.7,,robbili01
509,Cui Yongxi,21,BRK,SG,5,0,2.0,0.2,1.4,.143,0.0,0.6,.000,0.2,0.8,.250,.143,0.2,0.4,.500,0.0,0.4,0.4,0.0,0.0,0.0,0.0,0.0,0.6,,cuiyo01
510,Garrett Temple,38,TOR,SG,17,0,3.9,0.2,0.9,.200,0.1,0.4,.143,0.1,0.5,.250,.233,0.2,0.2,1.000,0.1,0.5,0.6,0.6,0.4,0.1,0.2,0.4,0.6,,templga01
511,Stanley Umude,25,MIL,SG,19,0,3.2,0.2,1.1,.200,0.1,0.6,.182,0.1,0.5,.222,.250,0.1,0.2,.500,0.2,0.5,0.7,0.1,0.2,0.1,0.1,0.3,0.6,,umudest01
512,Tristen Newton,23,2TM,SG,6,0,1.5,0.2,1.0,.167,0.0,0.5,.000,0.2,0.5,.333,.167,0.2,0.2,1.000,0.0,0.2,0.2,0.2,0.0,0.0,0.2,0.5,0.5,,newtotr01
512,Tristen Newton,23,IND,SG,5,0,1.6,0.2,1.2,.167,0.0,0.6,.000,0.2,0.6,.333,.167,0.2,0.2,1.000,0.0,0.0,0.0,0.2,0.0,0.0,0.2,0.4,0.6,,newtotr01
512,Tristen Newton,23,MIN,SG,1,0,1.0,0.0,0.0,,0.0,0.0,,0.0,0.0,,,0.0,0.0,,0.0,1.0,1.0,0.0,0.0,0.0,0.0,1.0,0.0,,newtotr01
513,Jacob Toppin,24,NYK,SF,16,0,3.1,0.2,0.6,.300,0.0,0.1,.000,0.2,0.5,.375,.300,0.0,0.0,,0.1,0.6,0.7,0.3,0.1,0.0,0.1,0.2,0.4,,toppija01
514,Jalen Bridges,23,PHO,SF,4,0,4.3,0.0,0.8,.000,0.0,0.8,.000,0.0,0.0,,.000,0.3,0.5,.500,0.0,0.8,0.8,0.0,0.0,0.0,0.5,0.0,0.3,,bridgja01
515,Spencer Jones,23,DEN,SF,6,0,2.2,0.2,0.7,.250,0.0,0.5,.000,0.2,0.2,1.000,.250,0.0,0.0,,0.0,0.5,0.5,0.0,0.3,0.0,0.2,0.2,0.3,,jonessp01
516,Malevy Leons,25,OKC,SF,6,0,3.5,0.0,0.3,.000,0.0,0.2,.000,0.0,0.2,.000,.000,0.3,0.7,.500,0.2,0.3,0.5,0.2,0.0,0.0,0.2,0.7,0.3,,leonsma01
517,Daishen Nix,22,MIN,PG,3,0,4.3,0.0,0.3,.000,0.0,0.3,.000,0.0,0.0,,.000,0.3,0.7,.500,0.0,1.3,1.3,1.0,0.0,0.0,1.3,0.3,0.3,,nixda01
518,Emoni Bates,21,CLE,SF,4,0,3.5,0.0,1.3,.000,0.0,1.0,.000,0.0,0.3,.000,.000,0.0,0.0,,0.0,0.0,0.0,0.5,0.0,0.0,0.0,0.0,0.0,,batesem01
519,Harrison Ingram,22,SAS,SF,2,0,5.5,0.0,1.0,.000,0.0,0.5,.000,0.0,0.5,.000,.000,0.0,0.0,,0.0,1.0,1.0,0.0,0.0,0.0,0.0,0.5,0.0,,ingraha01
520,Daniss Jenkins,23,DET,PG,3,0,2.7,0.0,1.3,.000,0.0,1.3,.000,0.0,0.0,,.000,0.0,0.0,,0.0,0.0,0.0,0.0,0.0,0.0,0.3,0.3,0.0,,jenkida01
521,Bobi Klintman,21,DET,SF,3,0,2.7,0.0,0.7,.000,0.0,0.3,.000,0.0,0.3,.000,.000,0.0,0.0,,0.0,0.7,0.7,0.3,0.0,0.0,0.0,0.7,0.0,,klintbo01
522,Mac McClung,26,ORL,SG,1,0,5.0,0.0,0.0,,0.0,0.0,,0.0,0.0,,,0.0,0.0,,0.0,1.0,1.0,2.0,0.0,0.0,0.0,0.0,0.0,,mccluma01
523,Justin Minaya,25,POR,SF,6,0,3.0,0.0,0.2,.000,0.0,0.0,,0.0,0.2,.000,.000,0.0,0.0,,0.3,0.2,0.5,0.3,0.2,0.0,0.0,0.5,0.0,,minayju01
524,Riley Minix,24,SAS,SF,1,0,7.0,0.0,1.0,.000,0.0,1.0,.000,0.0,0.0,,.000,0.0,0.0,,0.0,2.0,2.0,0.0,0.0,0.0,0.0,0.0,0.0,,minixri01
525,Zyon Pullin,23,MEM,SG,1,0,1.0,0.0,0.0,,0.0,0.0,,0.0,0.0,,,0.0,0.0,,0.0,0.0,0.0,0.0,0.0,0.0,0.0,0.0,0.0,,pullizy01
526,Cole Swider,25,DET,SF,2,0,6.5,0.0,2.5,.000,0.0,2.5,.000,0.0,0.0,,.000,0.0,0.0,,0.0,1.0,1.0,0.5,0.0,0.0,0.0,0.5,0.0,,swideco01